BEA_Code,BEA_Title,related_2007_NAICS,related_2007_NAICS_6digit,related_2012_NAICS_6digit
1111A0,Oilseed farming,11111,111110,111110
1111A0,Oilseed farming,11112,111120,111120
1111B0,Grain farming,11113,111130,111130
1111B0,Grain farming,11114,111140,111140
1111B0,Grain farming,11115,111150,111150
1111B0,Grain farming,11116,111160,111160
1111B0,Grain farming,11119,111191,111191
1111B0,Grain farming,11119,111199,111199
111200,Vegetable and melon farming,1112,111211,111211
111200,Vegetable and melon farming,1112,111219,111219
111300,Fruit and tree nut farming,1113,111310,111310
111300,Fruit and tree nut farming,1113,111320,111320
111300,Fruit and tree nut farming,1113,111331,111331
111300,Fruit and tree nut farming,1113,111332,111332
111300,Fruit and tree nut farming,1113,111333,111333
111300,Fruit and tree nut farming,1113,111334,111334
111300,Fruit and tree nut farming,1113,111335,111335
111300,Fruit and tree nut farming,1113,111336,111336
111300,Fruit and tree nut farming,1113,111339,111339
111400,"Greenhouse, nursery, and floriculture production",1114,111411,111411
111400,"Greenhouse, nursery, and floriculture production",1114,111419,111419
111400,"Greenhouse, nursery, and floriculture production",1114,111421,111421
111400,"Greenhouse, nursery, and floriculture production",1114,111422,111422
111900,Other crop farming,1119,111910,111910
111900,Other crop farming,1119,111920,111920
111900,Other crop farming,1119,111930,111930
111900,Other crop farming,1119,111940,111940
111900,Other crop farming,1119,111991,111991
111900,Other crop farming,1119,111992,111992
111900,Other crop farming,1119,111998,111998
1121A0,"Beef cattle ranching and farming, including feedlots and dual-purpose ranching and farming",11211,112111,112111
1121A0,"Beef cattle ranching and farming, including feedlots and dual-purpose ranching and farming",11211,112112,112112
1121A0,"Beef cattle ranching and farming, including feedlots and dual-purpose ranching and farming",11213,112130,112130
112120,Dairy cattle and milk production,11212,112120,112120
112A00,"Animal production, except cattle and poultry and eggs",1122,112210,112210
112A00,"Animal production, except cattle and poultry and eggs",1124,112410,112410
112A00,"Animal production, except cattle and poultry and eggs",1124,112420,112420
112A00,"Animal production, except cattle and poultry and eggs",1125,112511,112511
112A00,"Animal production, except cattle and poultry and eggs",1125,112512,112512
112A00,"Animal production, except cattle and poultry and eggs",1125,112519,112519
112A00,"Animal production, except cattle and poultry and eggs",1129,112910,112910
112A00,"Animal production, except cattle and poultry and eggs",1129,112920,112920
112A00,"Animal production, except cattle and poultry and eggs",1129,112930,112930
112A00,"Animal production, except cattle and poultry and eggs",1129,112990,112990
112300,Poultry and egg production,1123,112310,112310
112300,Poultry and egg production,1123,112320,112320
112300,Poultry and egg production,1123,112330,112330
112300,Poultry and egg production,1123,112340,112340
112300,Poultry and egg production,1123,112390,112390
113000,Forestry and logging,113,113110,113110
113000,Forestry and logging,113,113210,113210
113000,Forestry and logging,113,113310,113310
114000,"Fishing, hunting and trapping",114,114111,114111
114000,"Fishing, hunting and trapping",114,114112,114112
114000,"Fishing, hunting and trapping",114,114119,114119
114000,"Fishing, hunting and trapping",114,114210,114210
115000,Support activities for agriculture and forestry,115,115111,115111
115000,Support activities for agriculture and forestry,115,115112,115112
115000,Support activities for agriculture and forestry,115,115113,115113
115000,Support activities for agriculture and forestry,115,115114,115114
115000,Support activities for agriculture and forestry,115,115115,115115
115000,Support activities for agriculture and forestry,115,115116,115116
115000,Support activities for agriculture and forestry,115,115210,115210
115000,Support activities for agriculture and forestry,115,115310,115310
211000,Oil and gas extraction,211,211111,211111
211000,Oil and gas extraction,211,211112,211112
212100,Coal mining,2121,212111,212111
212100,Coal mining,2121,212112,212112
212100,Coal mining,2121,212113,212113
2122A0,"Iron, gold, silver, and other metal ore mining",21221,212210,212210
2122A0,"Iron, gold, silver, and other metal ore mining",21222,212221,212221
2122A0,"Iron, gold, silver, and other metal ore mining",21222,212222,212222
2122A0,"Iron, gold, silver, and other metal ore mining",21229,212291,212291
2122A0,"Iron, gold, silver, and other metal ore mining",21229,212299,212299
212230,"Copper, nickel, lead, and zinc mining",21223,212231,212231
212230,"Copper, nickel, lead, and zinc mining",21223,212234,212234
212310,Stone mining and quarrying,21231,212311,212311
212310,Stone mining and quarrying,21231,212312,212312
212310,Stone mining and quarrying,21231,212313,212313
212310,Stone mining and quarrying,21231,212319,212319
2123A0,Other nonmetallic mineral mining and quarrying,21232,212321,212321
2123A0,Other nonmetallic mineral mining and quarrying,21232,212322,212322
2123A0,Other nonmetallic mineral mining and quarrying,21232,212324,212324
2123A0,Other nonmetallic mineral mining and quarrying,21232,212325,212325
2123A0,Other nonmetallic mineral mining and quarrying,21239,212391,212391
2123A0,Other nonmetallic mineral mining and quarrying,21239,212392,212392
2123A0,Other nonmetallic mineral mining and quarrying,21239,212393,212393
2123A0,Other nonmetallic mineral mining and quarrying,21239,212399,212399
213111,Drilling oil and gas wells,213111,213111,213111
21311A,Other support activities for mining,213112,213112,213112
21311A,Other support activities for mining,213113,213113,213113
21311A,Other support activities for mining,213114,213114,213114
21311A,Other support activities for mining,213115,213115,213115
221100,"Electric power generation, transmission, and distribution",2211,221111,221111
221100,"Electric power generation, transmission, and distribution",2211,221112,221112
221100,"Electric power generation, transmission, and distribution",2211,221113,221113
221100,"Electric power generation, transmission, and distribution",2211,221119,221114
221100,"Electric power generation, transmission, and distribution",2211,221119,221115
221100,"Electric power generation, transmission, and distribution",2211,221119,221116
221100,"Electric power generation, transmission, and distribution",2211,221119,221117
221100,"Electric power generation, transmission, and distribution",2211,221119,221118
221100,"Electric power generation, transmission, and distribution",2211,221121,221121
221100,"Electric power generation, transmission, and distribution",2211,221122,221122
221200,Natural gas distribution,2212,221210,221210
221300,"Water, sewage and other systems",2213,221310,221310
221300,"Water, sewage and other systems",2213,221320,221320
221300,"Water, sewage and other systems",2213,221330,221330
230301,Nonresidential maintenance and repair,23,236115,236115
230301,Nonresidential maintenance and repair,23,236116,236116
230301,Nonresidential maintenance and repair,23,236117,236117
230301,Nonresidential maintenance and repair,23,236118,236118
230301,Nonresidential maintenance and repair,23,236210,236210
230301,Nonresidential maintenance and repair,23,236220,236220
230301,Nonresidential maintenance and repair,23,237110,237110
230301,Nonresidential maintenance and repair,23,237120,237120
230301,Nonresidential maintenance and repair,23,237130,237130
230301,Nonresidential maintenance and repair,23,237210,237210
230301,Nonresidential maintenance and repair,23,237310,237310
230301,Nonresidential maintenance and repair,23,237990,237990
230301,Nonresidential maintenance and repair,23,238110,238110
230301,Nonresidential maintenance and repair,23,238120,238120
230301,Nonresidential maintenance and repair,23,238130,238130
230301,Nonresidential maintenance and repair,23,238140,238140
230301,Nonresidential maintenance and repair,23,238150,238150
230301,Nonresidential maintenance and repair,23,238160,238160
230301,Nonresidential maintenance and repair,23,238170,238170
230301,Nonresidential maintenance and repair,23,238190,238190
230301,Nonresidential maintenance and repair,23,238190,238310
230301,Nonresidential maintenance and repair,23,238210,238210
230301,Nonresidential maintenance and repair,23,238220,238220
230301,Nonresidential maintenance and repair,23,238290,238290
230301,Nonresidential maintenance and repair,23,238310,238310
230301,Nonresidential maintenance and repair,23,238320,238320
230301,Nonresidential maintenance and repair,23,238330,238310
230301,Nonresidential maintenance and repair,23,238330,238330
230301,Nonresidential maintenance and repair,23,238340,238340
230301,Nonresidential maintenance and repair,23,238350,238350
230301,Nonresidential maintenance and repair,23,238390,238390
230301,Nonresidential maintenance and repair,23,238910,238910
230301,Nonresidential maintenance and repair,23,238990,238990
230302,Residential maintenance and repair,23,236115,236115
230302,Residential maintenance and repair,23,236116,236116
230302,Residential maintenance and repair,23,236117,236117
230302,Residential maintenance and repair,23,236118,236118
230302,Residential maintenance and repair,23,236210,236210
230302,Residential maintenance and repair,23,236220,236220
230302,Residential maintenance and repair,23,237110,237110
230302,Residential maintenance and repair,23,237120,237120
230302,Residential maintenance and repair,23,237130,237130
230302,Residential maintenance and repair,23,237210,237210
230302,Residential maintenance and repair,23,237310,237310
230302,Residential maintenance and repair,23,237990,237990
230302,Residential maintenance and repair,23,238110,238110
230302,Residential maintenance and repair,23,238120,238120
230302,Residential maintenance and repair,23,238130,238130
230302,Residential maintenance and repair,23,238140,238140
230302,Residential maintenance and repair,23,238150,238150
230302,Residential maintenance and repair,23,238160,238160
230302,Residential maintenance and repair,23,238170,238170
230302,Residential maintenance and repair,23,238190,238190
230302,Residential maintenance and repair,23,238190,238310
230302,Residential maintenance and repair,23,238210,238210
230302,Residential maintenance and repair,23,238220,238220
230302,Residential maintenance and repair,23,238290,238290
230302,Residential maintenance and repair,23,238310,238310
230302,Residential maintenance and repair,23,238320,238320
230302,Residential maintenance and repair,23,238330,238310
230302,Residential maintenance and repair,23,238330,238330
230302,Residential maintenance and repair,23,238340,238340
230302,Residential maintenance and repair,23,238350,238350
230302,Residential maintenance and repair,23,238390,238390
230302,Residential maintenance and repair,23,238910,238910
230302,Residential maintenance and repair,23,238990,238990
233210,Health care structures,23,236115,236115
233210,Health care structures,23,236116,236116
233210,Health care structures,23,236117,236117
233210,Health care structures,23,236118,236118
233210,Health care structures,23,236210,236210
233210,Health care structures,23,236220,236220
233210,Health care structures,23,237110,237110
233210,Health care structures,23,237120,237120
233210,Health care structures,23,237130,237130
233210,Health care structures,23,237210,237210
233210,Health care structures,23,237310,237310
233210,Health care structures,23,237990,237990
233210,Health care structures,23,238110,238110
233210,Health care structures,23,238120,238120
233210,Health care structures,23,238130,238130
233210,Health care structures,23,238140,238140
233210,Health care structures,23,238150,238150
233210,Health care structures,23,238160,238160
233210,Health care structures,23,238170,238170
233210,Health care structures,23,238190,238190
233210,Health care structures,23,238190,238310
233210,Health care structures,23,238210,238210
233210,Health care structures,23,238220,238220
233210,Health care structures,23,238290,238290
233210,Health care structures,23,238310,238310
233210,Health care structures,23,238320,238320
233210,Health care structures,23,238330,238310
233210,Health care structures,23,238330,238330
233210,Health care structures,23,238340,238340
233210,Health care structures,23,238350,238350
233210,Health care structures,23,238390,238390
233210,Health care structures,23,238910,238910
233210,Health care structures,23,238990,238990
233230,Manufacturing structures,23,236115,236115
233230,Manufacturing structures,23,236116,236116
233230,Manufacturing structures,23,236117,236117
233230,Manufacturing structures,23,236118,236118
233230,Manufacturing structures,23,236210,236210
233230,Manufacturing structures,23,236220,236220
233230,Manufacturing structures,23,237110,237110
233230,Manufacturing structures,23,237120,237120
233230,Manufacturing structures,23,237130,237130
233230,Manufacturing structures,23,237210,237210
233230,Manufacturing structures,23,237310,237310
233230,Manufacturing structures,23,237990,237990
233230,Manufacturing structures,23,238110,238110
233230,Manufacturing structures,23,238120,238120
233230,Manufacturing structures,23,238130,238130
233230,Manufacturing structures,23,238140,238140
233230,Manufacturing structures,23,238150,238150
233230,Manufacturing structures,23,238160,238160
233230,Manufacturing structures,23,238170,238170
233230,Manufacturing structures,23,238190,238190
233230,Manufacturing structures,23,238190,238310
233230,Manufacturing structures,23,238210,238210
233230,Manufacturing structures,23,238220,238220
233230,Manufacturing structures,23,238290,238290
233230,Manufacturing structures,23,238310,238310
233230,Manufacturing structures,23,238320,238320
233230,Manufacturing structures,23,238330,238310
233230,Manufacturing structures,23,238330,238330
233230,Manufacturing structures,23,238340,238340
233230,Manufacturing structures,23,238350,238350
233230,Manufacturing structures,23,238390,238390
233230,Manufacturing structures,23,238910,238910
233230,Manufacturing structures,23,238990,238990
233240,Power and communication structures,23,236115,236115
233240,Power and communication structures,23,236116,236116
233240,Power and communication structures,23,236117,236117
233240,Power and communication structures,23,236118,236118
233240,Power and communication structures,23,236210,236210
233240,Power and communication structures,23,236220,236220
233240,Power and communication structures,23,237110,237110
233240,Power and communication structures,23,237120,237120
233240,Power and communication structures,23,237130,237130
233240,Power and communication structures,23,237210,237210
233240,Power and communication structures,23,237310,237310
233240,Power and communication structures,23,237990,237990
233240,Power and communication structures,23,238110,238110
233240,Power and communication structures,23,238120,238120
233240,Power and communication structures,23,238130,238130
233240,Power and communication structures,23,238140,238140
233240,Power and communication structures,23,238150,238150
233240,Power and communication structures,23,238160,238160
233240,Power and communication structures,23,238170,238170
233240,Power and communication structures,23,238190,238190
233240,Power and communication structures,23,238190,238310
233240,Power and communication structures,23,238210,238210
233240,Power and communication structures,23,238220,238220
233240,Power and communication structures,23,238290,238290
233240,Power and communication structures,23,238310,238310
233240,Power and communication structures,23,238320,238320
233240,Power and communication structures,23,238330,238310
233240,Power and communication structures,23,238330,238330
233240,Power and communication structures,23,238340,238340
233240,Power and communication structures,23,238350,238350
233240,Power and communication structures,23,238390,238390
233240,Power and communication structures,23,238910,238910
233240,Power and communication structures,23,238990,238990
233262,Educational and vocational structures,23,236115,236115
233262,Educational and vocational structures,23,236116,236116
233262,Educational and vocational structures,23,236117,236117
233262,Educational and vocational structures,23,236118,236118
233262,Educational and vocational structures,23,236210,236210
233262,Educational and vocational structures,23,236220,236220
233262,Educational and vocational structures,23,237110,237110
233262,Educational and vocational structures,23,237120,237120
233262,Educational and vocational structures,23,237130,237130
233262,Educational and vocational structures,23,237210,237210
233262,Educational and vocational structures,23,237310,237310
233262,Educational and vocational structures,23,237990,237990
233262,Educational and vocational structures,23,238110,238110
233262,Educational and vocational structures,23,238120,238120
233262,Educational and vocational structures,23,238130,238130
233262,Educational and vocational structures,23,238140,238140
233262,Educational and vocational structures,23,238150,238150
233262,Educational and vocational structures,23,238160,238160
233262,Educational and vocational structures,23,238170,238170
233262,Educational and vocational structures,23,238190,238190
233262,Educational and vocational structures,23,238190,238310
233262,Educational and vocational structures,23,238210,238210
233262,Educational and vocational structures,23,238220,238220
233262,Educational and vocational structures,23,238290,238290
233262,Educational and vocational structures,23,238310,238310
233262,Educational and vocational structures,23,238320,238320
233262,Educational and vocational structures,23,238330,238310
233262,Educational and vocational structures,23,238330,238330
233262,Educational and vocational structures,23,238340,238340
233262,Educational and vocational structures,23,238350,238350
233262,Educational and vocational structures,23,238390,238390
233262,Educational and vocational structures,23,238910,238910
233262,Educational and vocational structures,23,238990,238990
233293,Highways and streets,23,236115,236115
233293,Highways and streets,23,236116,236116
233293,Highways and streets,23,236117,236117
233293,Highways and streets,23,236118,236118
233293,Highways and streets,23,236210,236210
233293,Highways and streets,23,236220,236220
233293,Highways and streets,23,237110,237110
233293,Highways and streets,23,237120,237120
233293,Highways and streets,23,237130,237130
233293,Highways and streets,23,237210,237210
233293,Highways and streets,23,237310,237310
233293,Highways and streets,23,237990,237990
233293,Highways and streets,23,238110,238110
233293,Highways and streets,23,238120,238120
233293,Highways and streets,23,238130,238130
233293,Highways and streets,23,238140,238140
233293,Highways and streets,23,238150,238150
233293,Highways and streets,23,238160,238160
233293,Highways and streets,23,238170,238170
233293,Highways and streets,23,238190,238190
233293,Highways and streets,23,238190,238310
233293,Highways and streets,23,238210,238210
233293,Highways and streets,23,238220,238220
233293,Highways and streets,23,238290,238290
233293,Highways and streets,23,238310,238310
233293,Highways and streets,23,238320,238320
233293,Highways and streets,23,238330,238310
233293,Highways and streets,23,238330,238330
233293,Highways and streets,23,238340,238340
233293,Highways and streets,23,238350,238350
233293,Highways and streets,23,238390,238390
233293,Highways and streets,23,238910,238910
233293,Highways and streets,23,238990,238990
2332A0,"Commercial structures, including farm structures",23,236115,236115
2332A0,"Commercial structures, including farm structures",23,236116,236116
2332A0,"Commercial structures, including farm structures",23,236117,236117
2332A0,"Commercial structures, including farm structures",23,236118,236118
2332A0,"Commercial structures, including farm structures",23,236210,236210
2332A0,"Commercial structures, including farm structures",23,236220,236220
2332A0,"Commercial structures, including farm structures",23,237110,237110
2332A0,"Commercial structures, including farm structures",23,237120,237120
2332A0,"Commercial structures, including farm structures",23,237130,237130
2332A0,"Commercial structures, including farm structures",23,237210,237210
2332A0,"Commercial structures, including farm structures",23,237310,237310
2332A0,"Commercial structures, including farm structures",23,237990,237990
2332A0,"Commercial structures, including farm structures",23,238110,238110
2332A0,"Commercial structures, including farm structures",23,238120,238120
2332A0,"Commercial structures, including farm structures",23,238130,238130
2332A0,"Commercial structures, including farm structures",23,238140,238140
2332A0,"Commercial structures, including farm structures",23,238150,238150
2332A0,"Commercial structures, including farm structures",23,238160,238160
2332A0,"Commercial structures, including farm structures",23,238170,238170
2332A0,"Commercial structures, including farm structures",23,238190,238190
2332A0,"Commercial structures, including farm structures",23,238190,238310
2332A0,"Commercial structures, including farm structures",23,238210,238210
2332A0,"Commercial structures, including farm structures",23,238220,238220
2332A0,"Commercial structures, including farm structures",23,238290,238290
2332A0,"Commercial structures, including farm structures",23,238310,238310
2332A0,"Commercial structures, including farm structures",23,238320,238320
2332A0,"Commercial structures, including farm structures",23,238330,238310
2332A0,"Commercial structures, including farm structures",23,238330,238330
2332A0,"Commercial structures, including farm structures",23,238340,238340
2332A0,"Commercial structures, including farm structures",23,238350,238350
2332A0,"Commercial structures, including farm structures",23,238390,238390
2332A0,"Commercial structures, including farm structures",23,238910,238910
2332A0,"Commercial structures, including farm structures",23,238990,238990
2332B0,Other nonresidential structures,23,236115,236115
2332B0,Other nonresidential structures,23,236116,236116
2332B0,Other nonresidential structures,23,236117,236117
2332B0,Other nonresidential structures,23,236118,236118
2332B0,Other nonresidential structures,23,236210,236210
2332B0,Other nonresidential structures,23,236220,236220
2332B0,Other nonresidential structures,23,237110,237110
2332B0,Other nonresidential structures,23,237120,237120
2332B0,Other nonresidential structures,23,237130,237130
2332B0,Other nonresidential structures,23,237210,237210
2332B0,Other nonresidential structures,23,237310,237310
2332B0,Other nonresidential structures,23,237990,237990
2332B0,Other nonresidential structures,23,238110,238110
2332B0,Other nonresidential structures,23,238120,238120
2332B0,Other nonresidential structures,23,238130,238130
2332B0,Other nonresidential structures,23,238140,238140
2332B0,Other nonresidential structures,23,238150,238150
2332B0,Other nonresidential structures,23,238160,238160
2332B0,Other nonresidential structures,23,238170,238170
2332B0,Other nonresidential structures,23,238190,238190
2332B0,Other nonresidential structures,23,238190,238310
2332B0,Other nonresidential structures,23,238210,238210
2332B0,Other nonresidential structures,23,238220,238220
2332B0,Other nonresidential structures,23,238290,238290
2332B0,Other nonresidential structures,23,238310,238310
2332B0,Other nonresidential structures,23,238320,238320
2332B0,Other nonresidential structures,23,238330,238310
2332B0,Other nonresidential structures,23,238330,238330
2332B0,Other nonresidential structures,23,238340,238340
2332B0,Other nonresidential structures,23,238350,238350
2332B0,Other nonresidential structures,23,238390,238390
2332B0,Other nonresidential structures,23,238910,238910
2332B0,Other nonresidential structures,23,238990,238990
233411,Single-family residential structures,23,236115,236115
233411,Single-family residential structures,23,236116,236116
233411,Single-family residential structures,23,236117,236117
233411,Single-family residential structures,23,236118,236118
233411,Single-family residential structures,23,236210,236210
233411,Single-family residential structures,23,236220,236220
233411,Single-family residential structures,23,237110,237110
233411,Single-family residential structures,23,237120,237120
233411,Single-family residential structures,23,237130,237130
233411,Single-family residential structures,23,237210,237210
233411,Single-family residential structures,23,237310,237310
233411,Single-family residential structures,23,237990,237990
233411,Single-family residential structures,23,238110,238110
233411,Single-family residential structures,23,238120,238120
233411,Single-family residential structures,23,238130,238130
233411,Single-family residential structures,23,238140,238140
233411,Single-family residential structures,23,238150,238150
233411,Single-family residential structures,23,238160,238160
233411,Single-family residential structures,23,238170,238170
233411,Single-family residential structures,23,238190,238190
233411,Single-family residential structures,23,238190,238310
233411,Single-family residential structures,23,238210,238210
233411,Single-family residential structures,23,238220,238220
233411,Single-family residential structures,23,238290,238290
233411,Single-family residential structures,23,238310,238310
233411,Single-family residential structures,23,238320,238320
233411,Single-family residential structures,23,238330,238310
233411,Single-family residential structures,23,238330,238330
233411,Single-family residential structures,23,238340,238340
233411,Single-family residential structures,23,238350,238350
233411,Single-family residential structures,23,238390,238390
233411,Single-family residential structures,23,238910,238910
233411,Single-family residential structures,23,238990,238990
233412,Multifamily residential structures,23,236115,236115
233412,Multifamily residential structures,23,236116,236116
233412,Multifamily residential structures,23,236117,236117
233412,Multifamily residential structures,23,236118,236118
233412,Multifamily residential structures,23,236210,236210
233412,Multifamily residential structures,23,236220,236220
233412,Multifamily residential structures,23,237110,237110
233412,Multifamily residential structures,23,237120,237120
233412,Multifamily residential structures,23,237130,237130
233412,Multifamily residential structures,23,237210,237210
233412,Multifamily residential structures,23,237310,237310
233412,Multifamily residential structures,23,237990,237990
233412,Multifamily residential structures,23,238110,238110
233412,Multifamily residential structures,23,238120,238120
233412,Multifamily residential structures,23,238130,238130
233412,Multifamily residential structures,23,238140,238140
233412,Multifamily residential structures,23,238150,238150
233412,Multifamily residential structures,23,238160,238160
233412,Multifamily residential structures,23,238170,238170
233412,Multifamily residential structures,23,238190,238190
233412,Multifamily residential structures,23,238190,238310
233412,Multifamily residential structures,23,238210,238210
233412,Multifamily residential structures,23,238220,238220
233412,Multifamily residential structures,23,238290,238290
233412,Multifamily residential structures,23,238310,238310
233412,Multifamily residential structures,23,238320,238320
233412,Multifamily residential structures,23,238330,238310
233412,Multifamily residential structures,23,238330,238330
233412,Multifamily residential structures,23,238340,238340
233412,Multifamily residential structures,23,238350,238350
233412,Multifamily residential structures,23,238390,238390
233412,Multifamily residential structures,23,238910,238910
233412,Multifamily residential structures,23,238990,238990
2334A0,Other residential structures,23,236115,236115
2334A0,Other residential structures,23,236116,236116
2334A0,Other residential structures,23,236117,236117
2334A0,Other residential structures,23,236118,236118
2334A0,Other residential structures,23,236210,236210
2334A0,Other residential structures,23,236220,236220
2334A0,Other residential structures,23,237110,237110
2334A0,Other residential structures,23,237120,237120
2334A0,Other residential structures,23,237130,237130
2334A0,Other residential structures,23,237210,237210
2334A0,Other residential structures,23,237310,237310
2334A0,Other residential structures,23,237990,237990
2334A0,Other residential structures,23,238110,238110
2334A0,Other residential structures,23,238120,238120
2334A0,Other residential structures,23,238130,238130
2334A0,Other residential structures,23,238140,238140
2334A0,Other residential structures,23,238150,238150
2334A0,Other residential structures,23,238160,238160
2334A0,Other residential structures,23,238170,238170
2334A0,Other residential structures,23,238190,238190
2334A0,Other residential structures,23,238190,238310
2334A0,Other residential structures,23,238210,238210
2334A0,Other residential structures,23,238220,238220
2334A0,Other residential structures,23,238290,238290
2334A0,Other residential structures,23,238310,238310
2334A0,Other residential structures,23,238320,238320
2334A0,Other residential structures,23,238330,238310
2334A0,Other residential structures,23,238330,238330
2334A0,Other residential structures,23,238340,238340
2334A0,Other residential structures,23,238350,238350
2334A0,Other residential structures,23,238390,238390
2334A0,Other residential structures,23,238910,238910
2334A0,Other residential structures,23,238990,238990
321100,Sawmills and wood preservation,3211,321113,321113
321100,Sawmills and wood preservation,3211,321114,321114
321200,"Veneer, plywood, and engineered wood product manufacturing",3212,321211,321211
321200,"Veneer, plywood, and engineered wood product manufacturing",3212,321212,321212
321200,"Veneer, plywood, and engineered wood product manufacturing",3212,321213,321213
321200,"Veneer, plywood, and engineered wood product manufacturing",3212,321214,321214
321200,"Veneer, plywood, and engineered wood product manufacturing",3212,321219,321219
321910,Millwork,32191,321911,321911
321910,Millwork,32191,321912,321912
321910,Millwork,32191,321918,321918
3219A0,All other wood product manufacturing,32192,321920,321920
3219A0,All other wood product manufacturing,32199,321991,321991
3219A0,All other wood product manufacturing,32199,321992,321992
3219A0,All other wood product manufacturing,32199,321999,321999
327100,Clay product and refractory manufacturing,3271,327111,327110
327100,Clay product and refractory manufacturing,3271,327112,327110
327100,Clay product and refractory manufacturing,3271,327113,327110
327100,Clay product and refractory manufacturing,3271,327121,327120
327100,Clay product and refractory manufacturing,3271,327122,327120
327100,Clay product and refractory manufacturing,3271,327123,327120
327100,Clay product and refractory manufacturing,3271,327124,327120
327100,Clay product and refractory manufacturing,3271,327125,327120
327200,Glass and glass product manufacturing,3272,327211,327211
327200,Glass and glass product manufacturing,3272,327212,327212
327200,Glass and glass product manufacturing,3272,327213,327213
327200,Glass and glass product manufacturing,3272,327215,327215
327310,Cement manufacturing,32731,327310,327310
327320,Ready-mix concrete manufacturing,32732,327320,327320
327330,"Concrete pipe, brick, and block manufacturing",32733,327331,327331
327330,"Concrete pipe, brick, and block manufacturing",32733,327332,327332
327390,Other concrete product manufacturing,32739,327390,327390
327400,Lime and gypsum product manufacturing,3274,327410,327410
327400,Lime and gypsum product manufacturing,3274,327420,327420
327910,Abrasive product manufacturing,32791,327910,327910
327991,Cut stone and stone product manufacturing,327991,327991,327991
327992,Ground or treated mineral and earth manufacturing,327992,327992,327992
327993,Mineral wool manufacturing,327993,327993,327993
327999,Miscellaneous nonmetallic mineral products,327999,327999,327999
331110,Iron and steel mills and ferroalloy manufacturing,3311,331111,331110
331110,Iron and steel mills and ferroalloy manufacturing,3311,331112,331110
331200,Steel product manufacturing from purchased steel,3312,331210,331210
331200,Steel product manufacturing from purchased steel,3312,331221,331221
331200,Steel product manufacturing from purchased steel,3312,331222,331222
33131A,Alumina refining and primary aluminum production,331311,331311,331313
33131A,Alumina refining and primary aluminum production,331312,331312,331313
331314,Secondary smelting and alloying of aluminum,331314,331314,331314
33131B,Aluminum product manufacturing from purchased aluminum,331315,331315,331315
33131B,Aluminum product manufacturing from purchased aluminum,331316,331316,331318
33131B,Aluminum product manufacturing from purchased aluminum,331319,331319,331318
331411,Primary smelting and refining of copper,331411,331411,331410
331419,Primary smelting and refining of nonferrous metal (except copper and aluminum),331419,331419,331410
331420,"Copper rolling, drawing, extruding and alloying",33142,331421,331420
331420,"Copper rolling, drawing, extruding and alloying",33142,331422,331420
331420,"Copper rolling, drawing, extruding and alloying",33142,331423,331420
331490,"Nonferrous metal (except copper and aluminum) rolling, drawing, extruding and alloying",33149,331491,331491
331490,"Nonferrous metal (except copper and aluminum) rolling, drawing, extruding and alloying",33149,331492,331492
331510,Ferrous metal foundries,33151,331511,331511
331510,Ferrous metal foundries,33151,331512,331512
331510,Ferrous metal foundries,33151,331513,331513
331520,Nonferrous metal foundries,33152,331521,331523
331520,Nonferrous metal foundries,33152,331522,331523
331520,Nonferrous metal foundries,33152,331524,331524
331520,Nonferrous metal foundries,33152,331525,331529
331520,Nonferrous metal foundries,33152,331528,331529
33211A,"All other forging, stamping, and sintering",332111,332111,332111
33211A,"All other forging, stamping, and sintering",332112,332112,332112
33211A,"All other forging, stamping, and sintering",332117,332117,332117
332114,Custom roll forming,332114,332114,332114
33211B,Crown and closure manufacturing and metal stamping,332115,332115,332119
33211B,Crown and closure manufacturing and metal stamping,332116,332116,332119
332200,Cutlery and handtool manufacturing,3322,332211,332215
332200,Cutlery and handtool manufacturing,3322,332212,332216
332200,Cutlery and handtool manufacturing,3322,332213,332216
332200,Cutlery and handtool manufacturing,3322,332214,332215
332310,Plate work and fabricated structural product manufacturing,33231,332311,332311
332310,Plate work and fabricated structural product manufacturing,33231,332312,332312
332310,Plate work and fabricated structural product manufacturing,33231,332313,332313
332320,Ornamental and architectural metal products manufacturing,33232,332321,332321
332320,Ornamental and architectural metal products manufacturing,33232,332322,332322
332320,Ornamental and architectural metal products manufacturing,33232,332323,332323
332410,Power boiler and heat exchanger manufacturing,33241,332410,332410
332420,Metal tank (heavy gauge) manufacturing,33242,332420,332420
332430,"Metal can, box, and other metal container (light gauge) manufacturing",33243,332431,332431
332430,"Metal can, box, and other metal container (light gauge) manufacturing",33243,332439,332439
332500,Hardware manufacturing,3325,332510,332510
332600,Spring and wire product manufacturing,3326,332611,332613
332600,Spring and wire product manufacturing,3326,332612,332613
332600,Spring and wire product manufacturing,3326,332618,332618
332710,Machine shops,33271,332710,332710
332720,"Turned product and screw, nut, and bolt manufacturing",33272,332721,332721
332720,"Turned product and screw, nut, and bolt manufacturing",33272,332722,332722
332800,"Coating, engraving, heat treating and allied activities",3328,332811,332811
332800,"Coating, engraving, heat treating and allied activities",3328,332812,332812
332800,"Coating, engraving, heat treating and allied activities",3328,332813,332813
33291A,Valve and fittings other than plumbing,332911,332911,332911
33291A,Valve and fittings other than plumbing,332912,332912,332912
33291A,Valve and fittings other than plumbing,332919,332919,332919
332913,Plumbing fixture fitting and trim manufacturing,332913,332913,332913
332991,Ball and roller bearing manufacturing,332991,332991,332991
33299A,"Ammunition, arms, ordnance, and accessories manufacturing",332992,332992,332992
33299A,"Ammunition, arms, ordnance, and accessories manufacturing",332993,332993,332993
33299A,"Ammunition, arms, ordnance, and accessories manufacturing",332994,332994,332994
33299A,"Ammunition, arms, ordnance, and accessories manufacturing",332995,332995,332994
332996,Fabricated pipe and pipe fitting manufacturing,332996,332996,332996
33299B,Other fabricated metal manufacturing,332997,332997,332999
33299B,Other fabricated metal manufacturing,332998,332998,332999
33299B,Other fabricated metal manufacturing,332999,332999,332999
333111,Farm machinery and equipment manufacturing,333111,333111,333111
333112,Lawn and garden equipment manufacturing,333112,333112,333112
333120,Construction machinery manufacturing,33312,333120,333120
333130,Mining and oil and gas field machinery manufacturing,33313,333131,333131
333130,Mining and oil and gas field machinery manufacturing,33313,333132,333132
33329A,Other industrial machinery manufacturing,33321,333210,333243
33329A,Other industrial machinery manufacturing,333291,333291,333243
33329A,Other industrial machinery manufacturing,333292,333292,333249
33329A,Other industrial machinery manufacturing,333293,333293,333244
33329A,Other industrial machinery manufacturing,333294,333294,333241
33329A,Other industrial machinery manufacturing,333298,333298,333249
333220,Plastics and rubber industry machinery manufacturing,33322,333220,333249
333295,Semiconductor machinery manufacturing,333295,333295,333242
33331A,"Vending, commercial laundry, and other commercial and service industry machinery manufacturing",333311,333311,333318
33331A,"Vending, commercial laundry, and other commercial and service industry machinery manufacturing",333312,333312,333318
33331A,"Vending, commercial laundry, and other commercial and service industry machinery manufacturing",333319,333319,333318
333313,Office machinery manufacturing,333313,333313,333318
333314,Optical instrument and lens manufacturing,333314,333314,333314
333315,Photographic and photocopying equipment manufacturing,333315,333315,333316
33341A,Air purification and ventilation equipment manufacturing,333411,333411,333413
33341A,Air purification and ventilation equipment manufacturing,333412,333412,333413
333414,Heating equipment (except warm air furnaces) manufacturing,333414,333414,333414
333415,"Air conditioning, refrigeration, and warm air heating equipment manufacturing",333415,333415,333415
333511,Industrial mold manufacturing,333511,333511,333511
33351A,Metal cutting and forming machine tool manufacturing,333512,333512,333517
33351A,Metal cutting and forming machine tool manufacturing,333513,333513,333517
333514,"Special tool, die, jig, and fixture manufacturing",333514,333514,333514
33351B,"Cutting and machine tool accessory, rolling mill, and other metalworking machinery manufacturing",333515,333515,333515
33351B,"Cutting and machine tool accessory, rolling mill, and other metalworking machinery manufacturing",333516,333516,333519
33351B,"Cutting and machine tool accessory, rolling mill, and other metalworking machinery manufacturing",333518,333518,333519
333611,Turbine and turbine generator set units manufacturing,333611,333611,333611
333612,"Speed changer, industrial high-speed drive, and gear manufacturing",333612,333612,333612
333613,Mechanical power transmission equipment manufacturing,333613,333613,333613
333618,Other engine equipment manufacturing,333618,333618,333618
33391A,Pump and pumping equipment manufacturing,333911,333911,333911
33391A,Pump and pumping equipment manufacturing,333913,333913,333913
333912,Air and gas compressor manufacturing,333912,333912,333912
333920,Material handling equipment manufacturing,33392,333921,333921
333920,Material handling equipment manufacturing,33392,333922,333922
333920,Material handling equipment manufacturing,33392,333923,333923
333920,Material handling equipment manufacturing,33392,333924,333924
333991,Power-driven handtool manufacturing,333991,333991,333991
33399A,Other general purpose machinery manufacturing,333992,333992,333992
33399A,Other general purpose machinery manufacturing,333997,333997,333997
33399A,Other general purpose machinery manufacturing,333999,333999,333999
333993,Packaging machinery manufacturing,333993,333993,333993
333994,Industrial process furnace and oven manufacturing,333994,333994,333994
33399B,Fluid power process machinery,333995,333995,333995
33399B,Fluid power process machinery,333996,333996,333996
334111,Electronic computer manufacturing,334111,334111,334111
334112,Computer storage device manufacturing,334112,334112,334112
33411A,Computer terminals and other computer peripheral equipment manufacturing,334113,334113,334118
33411A,Computer terminals and other computer peripheral equipment manufacturing,334119,334119,333316
33411A,Computer terminals and other computer peripheral equipment manufacturing,334119,334119,334118
334210,Telephone apparatus manufacturing,33421,334210,334210
334220,Broadcast and wireless communications equipment,33422,334220,334220
334290,Other communications equipment manufacturing,33429,334290,334290
334300,Audio and video equipment manufacturing,3343,334310,334310
33441A,Other electronic component manufacturing,334411,334411,334419
33441A,Other electronic component manufacturing,334412,334412,334412
33441A,Other electronic component manufacturing,334414,334414,334416
33441A,Other electronic component manufacturing,334415,334415,334416
33441A,Other electronic component manufacturing,334416,334416,334416
33441A,Other electronic component manufacturing,334417,334417,334417
33441A,Other electronic component manufacturing,334419,334419,334419
334413,Semiconductor and related device manufacturing,334413,334413,334413
334418,Printed circuit assembly (electronic assembly) manufacturing,334418,334418,334418
334510,Electromedical and electrotherapeutic apparatus manufacturing,334510,334510,334510
334511,"Search, detection, and navigation instruments manufacturing",334511,334511,334511
334512,Automatic environmental control manufacturing,334512,334512,334512
334513,Industrial process variable instruments manufacturing,334513,334513,334513
334514,Totalizing fluid meter and counting device manufacturing,334514,334514,334514
334515,Electricity and signal testing instruments manufacturing,334515,334515,334515
334516,Analytical laboratory instrument manufacturing,334516,334516,334516
334517,Irradiation apparatus manufacturing,334517,334517,334517
33451A,"Watch, clock, and other measuring and controlling device manufacturing",334518,334518,334519
33451A,"Watch, clock, and other measuring and controlling device manufacturing",334519,334519,334519
334610,Manufacturing and reproducing magnetic and optical media,33461,334611,334614
334610,Manufacturing and reproducing magnetic and optical media,33461,334612,334614
334610,Manufacturing and reproducing magnetic and optical media,33461,334613,334613
335110,Electric lamp bulb and part manufacturing,33511,335110,335110
335120,Lighting fixture manufacturing,33512,335121,335121
335120,Lighting fixture manufacturing,33512,335122,335122
335120,Lighting fixture manufacturing,33512,335129,335129
335210,Small electrical appliance manufacturing,33521,335211,335210
335210,Small electrical appliance manufacturing,33521,335212,335210
335221,Household cooking appliance manufacturing,335221,335221,335221
335222,Household refrigerator and home freezer manufacturing,335222,335222,335222
335224,Household laundry equipment manufacturing,335224,335224,335224
335228,Other major household appliance manufacturing,335228,335228,335228
335311,"Power, distribution, and specialty transformer manufacturing",335311,335311,335311
335312,Motor and generator manufacturing,335312,335312,335312
335313,Switchgear and switchboard apparatus manufacturing,335313,335313,335313
335314,Relay and industrial control manufacturing,335314,335314,335314
335911,Storage battery manufacturing,335911,335911,335911
335912,Primary battery manufacturing,335912,335912,335912
335920,Communication and energy wire and cable manufacturing,33592,335921,335921
335920,Communication and energy wire and cable manufacturing,33592,335929,335929
335930,Wiring device manufacturing,33593,335931,335931
335930,Wiring device manufacturing,33593,335932,335932
335991,Carbon and graphite product manufacturing,335991,335991,335991
335999,All other miscellaneous electrical equipment and component manufacturing,335999,335999,335999
336111,Automobile manufacturing,336111,336111,336111
336112,Light truck and utility vehicle manufacturing,336112,336112,336112
336120,Heavy duty truck manufacturing,33612,336120,336120
336211,Motor vehicle body manufacturing,336211,336211,336211
336212,Truck trailer manufacturing,336212,336212,336212
336213,Motor home manufacturing,336213,336213,336213
336214,Travel trailer and camper manufacturing,336214,336214,336214
336310,Motor vehicle gasoline engine and engine parts manufacturing,33631,336311,336310
336310,Motor vehicle gasoline engine and engine parts manufacturing,33631,336312,336310
336320,Motor vehicle electrical and electronic equipment manufacturing,33632,336321,336320
336320,Motor vehicle electrical and electronic equipment manufacturing,33632,336322,336320
3363A0,"Motor vehicle steering, suspension component (except spring), and brake systems manufacturing",33633,336330,336330
3363A0,"Motor vehicle steering, suspension component (except spring), and brake systems manufacturing",33634,336340,336340
336350,Motor vehicle transmission and power train parts manufacturing,33635,336350,336350
336360,Motor vehicle seating and interior trim manufacturing,33636,336360,336360
336370,Motor vehicle metal stamping,33637,336370,336370
336390,Other motor vehicle parts manufacturing,33639,336391,336390
336390,Other motor vehicle parts manufacturing,33639,336399,336390
336411,Aircraft manufacturing,336411,336411,336411
336412,Aircraft engine and engine parts manufacturing,336412,336412,336412
336413,Other aircraft parts and auxiliary equipment manufacturing,336413,336413,336413
336414,Guided missile and space vehicle manufacturing,336414,336414,336414
33641A,Propulsion units and parts for space vehicles and guided missiles,336415,336415,336415
33641A,Propulsion units and parts for space vehicles and guided missiles,336419,336419,336419
336500,Railroad rolling stock manufacturing,3365,336510,336510
336611,Ship building and repairing,336611,336611,336611
336612,Boat building,336612,336612,336612
336991,"Motorcycle, bicycle, and parts manufacturing",336991,336991,336991
336992,"Military armored vehicle, tank, and tank component manufacturing",336992,336992,336992
336999,All other transportation equipment manufacturing,336999,336999,336999
337110,Wood kitchen cabinet and countertop manufacturing,33711,337110,337110
337121,Upholstered household furniture manufacturing,337121,337121,337121
337122,Nonupholstered wood household furniture manufacturing,337122,337122,337122
33712A,Other household nonupholstered furniture,337124,337124,337124
33712A,Other household nonupholstered furniture,337125,337125,337125
33712A,Other household nonupholstered furniture,337129,337129,321999
337127,Institutional furniture manufacturing,337127,337127,337127
33721A,Office furniture and custom architectural woodwork and millwork manufacturing,337211,337211,337211
33721A,Office furniture and custom architectural woodwork and millwork manufacturing,337212,337212,337212
33721A,Office furniture and custom architectural woodwork and millwork manufacturing,337214,337214,337214
337215,"Showcase, partition, shelving, and locker manufacturing",337215,337215,337215
337900,Other furniture related product manufacturing,3379,337910,337910
337900,Other furniture related product manufacturing,3379,337920,337920
339112,Surgical and medical instrument manufacturing,339112,339112,339112
339113,Surgical appliance and supplies manufacturing,339113,339113,339113
339114,Dental equipment and supplies manufacturing,339114,339114,339114
339115,Ophthalmic goods manufacturing,339115,339115,339115
339116,Dental laboratories,339116,339116,339116
339910,Jewelry and silverware manufacturing,33991,339911,339910
339910,Jewelry and silverware manufacturing,33991,339912,339910
339910,Jewelry and silverware manufacturing,33991,339913,339910
339910,Jewelry and silverware manufacturing,33991,339914,339910
339920,Sporting and athletic goods manufacturing,33992,339920,339920
339930,"Doll, toy, and game manufacturing",33993,339931,339930
339930,"Doll, toy, and game manufacturing",33993,339932,339930
339940,Office supplies (except paper) manufacturing,33994,339941,339940
339940,Office supplies (except paper) manufacturing,33994,339942,339940
339940,Office supplies (except paper) manufacturing,33994,339943,339940
339940,Office supplies (except paper) manufacturing,33994,339944,339940
339950,Sign manufacturing,33995,339950,339950
339990,All other miscellaneous manufacturing,33999,339991,339991
339990,All other miscellaneous manufacturing,33999,339992,339992
339990,All other miscellaneous manufacturing,33999,339993,339993
339990,All other miscellaneous manufacturing,33999,339994,339994
339990,All other miscellaneous manufacturing,33999,339995,339995
339990,All other miscellaneous manufacturing,33999,339999,339999
311111,Dog and cat food manufacturing,311111,311111,311111
311119,Other animal food manufacturing,311119,311119,311119
311210,Flour milling and malt manufacturing,31121,311211,311211
311210,Flour milling and malt manufacturing,31121,311212,311212
311210,Flour milling and malt manufacturing,31121,311213,311213
311221,Wet corn milling,311221,311221,311221
31122A,Soybean and other oilseed processing,311222,311222,311224
31122A,Soybean and other oilseed processing,311223,311223,311224
311225,Fats and oils refining and blending,311225,311225,311225
311230,Breakfast cereal manufacturing,31123,311230,311230
311300,Sugar and confectionery product manufacturing,3113,311311,311314
311300,Sugar and confectionery product manufacturing,3113,311312,311314
311300,Sugar and confectionery product manufacturing,3113,311313,311313
311300,Sugar and confectionery product manufacturing,3113,311320,311351
311300,Sugar and confectionery product manufacturing,3113,311330,311352
311300,Sugar and confectionery product manufacturing,3113,311340,311340
311410,Frozen food manufacturing,31141,311411,311411
311410,Frozen food manufacturing,31141,311412,311412
311420,"Fruit and vegetable canning, pickling, and drying",31142,311421,311421
311420,"Fruit and vegetable canning, pickling, and drying",31142,311422,311422
311420,"Fruit and vegetable canning, pickling, and drying",31142,311423,311423
31151A,Fluid milk and butter manufacturing,311511,311511,311511
31151A,Fluid milk and butter manufacturing,311512,311512,311512
311513,Cheese manufacturing,311513,311513,311513
311514,"Dry, condensed, and evaporated dairy product manufacturing",311514,311514,311514
311520,Ice cream and frozen dessert manufacturing,31152,311520,311520
31161A,"Animal (except poultry) slaughtering, rendering, and processing",311611,311611,311611
31161A,"Animal (except poultry) slaughtering, rendering, and processing",311612,311612,311612
31161A,"Animal (except poultry) slaughtering, rendering, and processing",311613,311613,311613
311615,Poultry processing,311615,311615,311615
311700,Seafood product preparation and packaging,3117,311711,311710
311700,Seafood product preparation and packaging,3117,311712,311710
311810,Bread and bakery product manufacturing,31181,311811,311811
311810,Bread and bakery product manufacturing,31181,311812,311812
311810,Bread and bakery product manufacturing,31181,311813,311813
3118A0,"Cookie, cracker, pasta, and tortilla manufacturing",31182,311821,311821
3118A0,"Cookie, cracker, pasta, and tortilla manufacturing",31182,311822,311824
3118A0,"Cookie, cracker, pasta, and tortilla manufacturing",31182,311823,311824
3118A0,"Cookie, cracker, pasta, and tortilla manufacturing",31183,311830,311830
311910,Snack food manufacturing,31191,311911,311911
311910,Snack food manufacturing,31191,311919,311919
311920,Coffee and tea manufacturing,31192,311920,311920
311930,Flavoring syrup and concentrate manufacturing,31193,311930,311930
311940,Seasoning and dressing manufacturing,31194,311941,311941
311940,Seasoning and dressing manufacturing,31194,311942,311942
311990,All other food manufacturing,31199,311991,311991
311990,All other food manufacturing,31199,311999,311999
312110,Soft drink and ice manufacturing,31211,312111,312111
312110,Soft drink and ice manufacturing,31211,312112,312112
312110,Soft drink and ice manufacturing,31211,312113,312113
312120,Breweries,31212,312120,312120
312130,Wineries,31213,312130,312130
312140,Distilleries,31214,312140,312140
312200,Tobacco product manufacturing,3122,312210,312230
312200,Tobacco product manufacturing,3122,312221,312230
312200,Tobacco product manufacturing,3122,312229,312230
313100,"Fiber, yarn, and thread mills",3131,313111,313110
313100,"Fiber, yarn, and thread mills",3131,313112,313110
313100,"Fiber, yarn, and thread mills",3131,313113,313110
313200,Fabric mills,3132,313210,313210
313200,Fabric mills,3132,313221,313220
313200,Fabric mills,3132,313222,313220
313200,Fabric mills,3132,313230,313230
313200,Fabric mills,3132,313241,313240
313200,Fabric mills,3132,313249,313240
313300,Textile and fabric finishing and fabric coating mills,3133,313311,313310
313300,Textile and fabric finishing and fabric coating mills,3133,313312,313310
313300,Textile and fabric finishing and fabric coating mills,3133,313320,313320
314110,Carpet and rug mills,31411,314110,314110
314120,Curtain and linen mills,31412,314121,314120
314120,Curtain and linen mills,31412,314129,314120
314900,Other textile product mills,3149,314911,314910
314900,Other textile product mills,3149,314912,314910
314900,Other textile product mills,3149,314991,314994
314900,Other textile product mills,3149,314992,314994
314900,Other textile product mills,3149,314999,314999
315000,Apparel manufacturing,315,315111,315110
315000,Apparel manufacturing,315,315119,315110
315000,Apparel manufacturing,315,315191,315190
315000,Apparel manufacturing,315,315192,315190
315000,Apparel manufacturing,315,315211,315210
315000,Apparel manufacturing,315,315212,315210
315000,Apparel manufacturing,315,315221,315220
315000,Apparel manufacturing,315,315222,315220
315000,Apparel manufacturing,315,315223,315220
315000,Apparel manufacturing,315,315224,315220
315000,Apparel manufacturing,315,315225,315220
315000,Apparel manufacturing,315,315228,315220
315000,Apparel manufacturing,315,315231,315240
315000,Apparel manufacturing,315,315232,315240
315000,Apparel manufacturing,315,315233,315240
315000,Apparel manufacturing,315,315234,315240
315000,Apparel manufacturing,315,315239,315240
315000,Apparel manufacturing,315,315291,315240
315000,Apparel manufacturing,315,315292,315280
315000,Apparel manufacturing,315,315299,315280
315000,Apparel manufacturing,315,315991,315990
315000,Apparel manufacturing,315,315992,315990
315000,Apparel manufacturing,315,315993,315990
315000,Apparel manufacturing,315,315999,315990
316000,Leather and allied product manufacturing,316,316110,316110
316000,Leather and allied product manufacturing,316,316211,316210
316000,Leather and allied product manufacturing,316,316212,316210
316000,Leather and allied product manufacturing,316,316213,316210
316000,Leather and allied product manufacturing,316,316214,316210
316000,Leather and allied product manufacturing,316,316219,316210
316000,Leather and allied product manufacturing,316,316991,316998
316000,Leather and allied product manufacturing,316,316992,316992
316000,Leather and allied product manufacturing,316,316993,316998
316000,Leather and allied product manufacturing,316,316999,316998
322110,Pulp mills,32211,322110,322110
322120,Paper mills,32212,322121,322121
322120,Paper mills,32212,322122,322122
322130,Paperboard mills,32213,322130,322130
322210,Paperboard container manufacturing,32221,322211,322211
322210,Paperboard container manufacturing,32221,322212,322212
322210,Paperboard container manufacturing,32221,322213,322219
322210,Paperboard container manufacturing,32221,322214,322219
322210,Paperboard container manufacturing,32221,322215,322219
322220,Paper bag and coated and treated paper manufacturing,32222,322221,322220
322220,Paper bag and coated and treated paper manufacturing,32222,322222,322220
322220,Paper bag and coated and treated paper manufacturing,32222,322223,322220
322220,Paper bag and coated and treated paper manufacturing,32222,322224,322220
322220,Paper bag and coated and treated paper manufacturing,32222,322225,322220
322220,Paper bag and coated and treated paper manufacturing,32222,322226,322220
322230,Stationery product manufacturing,32223,322231,322230
322230,Stationery product manufacturing,32223,322232,322230
322230,Stationery product manufacturing,32223,322233,322230
322291,Sanitary paper product manufacturing,322291,322291,322291
322299,All other converted paper product manufacturing,322299,322299,322299
323110,Printing,32311,323110,323111
323110,Printing,32311,323111,323111
323110,Printing,32311,323112,323111
323110,Printing,32311,323113,323113
323110,Printing,32311,323114,323111
323110,Printing,32311,323115,323111
323110,Printing,32311,323116,323111
323110,Printing,32311,323117,323117
323110,Printing,32311,323118,323111
323110,Printing,32311,323119,323111
323120,Support activities for printing,32312,323121,323120
323120,Support activities for printing,32312,323122,323120
324110,Petroleum refineries,32411,324110,324110
324121,Asphalt paving mixture and block manufacturing,324121,324121,324121
324122,Asphalt shingle and coating materials manufacturing,324122,324122,324122
324190,Other petroleum and coal products manufacturing,32419,324191,324191
324190,Other petroleum and coal products manufacturing,32419,324199,324199
325110,Petrochemical manufacturing,32511,325110,325110
325120,Industrial gas manufacturing,32512,325120,325120
325130,Synthetic dye and pigment manufacturing,32513,325131,325130
325130,Synthetic dye and pigment manufacturing,32513,325132,325130
325180,Other basic inorganic chemical manufacturing,32518,325181,325180
325180,Other basic inorganic chemical manufacturing,32518,325182,325180
325180,Other basic inorganic chemical manufacturing,32518,325188,325180
325190,Other basic organic chemical manufacturing,32519,325191,325194
325190,Other basic organic chemical manufacturing,32519,325192,325194
325190,Other basic organic chemical manufacturing,32519,325193,325193
325190,Other basic organic chemical manufacturing,32519,325199,325199
325211,Plastics material and resin manufacturing,325211,325211,325211
3252A0,Synthetic rubber and artificial and synthetic fibers and filaments manufacturing,325212,325212,325212
3252A0,Synthetic rubber and artificial and synthetic fibers and filaments manufacturing,32522,325221,325220
3252A0,Synthetic rubber and artificial and synthetic fibers and filaments manufacturing,32522,325222,325220
325310,Fertilizer manufacturing,32531,325311,325311
325310,Fertilizer manufacturing,32531,325312,325312
325310,Fertilizer manufacturing,32531,325314,325314
325320,Pesticide and other agricultural chemical manufacturing,32532,325320,325320
325411,Medicinal and botanical manufacturing,325411,325411,325411
325412,Pharmaceutical preparation manufacturing,325412,325412,325412
325413,In-vitro diagnostic substance manufacturing,325413,325413,325413
325414,Biological product (except diagnostic) manufacturing,325414,325414,325414
325510,Paint and coating manufacturing,32551,325510,325510
325520,Adhesive manufacturing,32552,325520,325520
325610,Soap and cleaning compound manufacturing,32561,325611,325611
325610,Soap and cleaning compound manufacturing,32561,325612,325612
325610,Soap and cleaning compound manufacturing,32561,325613,325613
325620,Toilet preparation manufacturing,32562,325620,325620
325910,Printing ink manufacturing,32591,325910,325910
3259A0,All other chemical product and preparation manufacturing,32592,325920,325920
3259A0,All other chemical product and preparation manufacturing,32599,325991,325991
3259A0,All other chemical product and preparation manufacturing,32599,325992,325992
3259A0,All other chemical product and preparation manufacturing,32599,325998,325998
326110,Plastics packaging materials and unlaminated film and sheet manufacturing,32611,326111,326111
326110,Plastics packaging materials and unlaminated film and sheet manufacturing,32611,326112,326112
326110,Plastics packaging materials and unlaminated film and sheet manufacturing,32611,326113,326113
326120,"Plastics pipe, pipe fitting, and unlaminated profile shape manufacturing",32612,326121,326121
326120,"Plastics pipe, pipe fitting, and unlaminated profile shape manufacturing",32612,326122,326122
326130,"Laminated plastics plate, sheet (except packaging), and shape manufacturing",32613,326130,326130
326140,Polystyrene foam product manufacturing,32614,326140,326140
326150,Urethane and other foam product (except polystyrene) manufacturing,32615,326150,326150
326160,Plastics bottle manufacturing,32616,326160,326160
326190,Other plastics product manufacturing,32619,326191,326191
326190,Other plastics product manufacturing,32619,326192,326199
326190,Other plastics product manufacturing,32619,326199,326199
326210,Tire manufacturing,32621,326211,326211
326210,Tire manufacturing,32621,326212,326212
326220,Rubber and plastics hoses and belting manufacturing,32622,326220,326220
326290,Other rubber product manufacturing,32629,326291,326291
326290,Other rubber product manufacturing,32629,326299,326299
420000,Wholesale trade,42,423110,423110
420000,Wholesale trade,42,423120,423120
420000,Wholesale trade,42,423130,423130
420000,Wholesale trade,42,423140,423140
420000,Wholesale trade,42,423210,423210
420000,Wholesale trade,42,423220,423220
420000,Wholesale trade,42,423310,423310
420000,Wholesale trade,42,423320,423320
420000,Wholesale trade,42,423330,423330
420000,Wholesale trade,42,423390,423390
420000,Wholesale trade,42,423410,423410
420000,Wholesale trade,42,423420,423420
420000,Wholesale trade,42,423430,423430
420000,Wholesale trade,42,423440,423440
420000,Wholesale trade,42,423450,423450
420000,Wholesale trade,42,423460,423460
420000,Wholesale trade,42,423490,423490
420000,Wholesale trade,42,423510,423510
420000,Wholesale trade,42,423520,423520
420000,Wholesale trade,42,423610,423610
420000,Wholesale trade,42,423620,423620
420000,Wholesale trade,42,423620,423720
420000,Wholesale trade,42,423690,423690
420000,Wholesale trade,42,423710,423710
420000,Wholesale trade,42,423720,423620
420000,Wholesale trade,42,423720,423720
420000,Wholesale trade,42,423730,423730
420000,Wholesale trade,42,423740,423740
420000,Wholesale trade,42,423810,423810
420000,Wholesale trade,42,423820,423820
420000,Wholesale trade,42,423830,423830
420000,Wholesale trade,42,423840,423840
420000,Wholesale trade,42,423850,423850
420000,Wholesale trade,42,423860,423860
420000,Wholesale trade,42,423910,423910
420000,Wholesale trade,42,423920,423920
420000,Wholesale trade,42,423930,423930
420000,Wholesale trade,42,423940,423940
420000,Wholesale trade,42,423990,423990
420000,Wholesale trade,42,424110,424110
420000,Wholesale trade,42,424120,424120
420000,Wholesale trade,42,424130,424130
420000,Wholesale trade,42,424210,424210
420000,Wholesale trade,42,424310,424310
420000,Wholesale trade,42,424320,424320
420000,Wholesale trade,42,424330,424330
420000,Wholesale trade,42,424340,424340
420000,Wholesale trade,42,424410,424410
420000,Wholesale trade,42,424420,424420
420000,Wholesale trade,42,424430,424430
420000,Wholesale trade,42,424440,424440
420000,Wholesale trade,42,424450,424450
420000,Wholesale trade,42,424460,424460
420000,Wholesale trade,42,424470,424470
420000,Wholesale trade,42,424480,424480
420000,Wholesale trade,42,424490,424490
420000,Wholesale trade,42,424510,424510
420000,Wholesale trade,42,424520,424520
420000,Wholesale trade,42,424590,424590
420000,Wholesale trade,42,424610,424610
420000,Wholesale trade,42,424690,424690
420000,Wholesale trade,42,424710,424710
420000,Wholesale trade,42,424720,424720
420000,Wholesale trade,42,424810,424810
420000,Wholesale trade,42,424820,424820
420000,Wholesale trade,42,424910,424910
420000,Wholesale trade,42,424920,424920
420000,Wholesale trade,42,424930,424930
420000,Wholesale trade,42,424940,424940
420000,Wholesale trade,42,424950,424950
420000,Wholesale trade,42,424990,424990
420000,Wholesale trade,42,425110,425110
420000,Wholesale trade,42,425120,425120
441000,Motor vehicle and parts dealers,441,441110,441110
441000,Motor vehicle and parts dealers,441,441120,441120
441000,Motor vehicle and parts dealers,441,441210,441210
441000,Motor vehicle and parts dealers,441,441221,441228
441000,Motor vehicle and parts dealers,441,441222,441222
441000,Motor vehicle and parts dealers,441,441229,441228
441000,Motor vehicle and parts dealers,441,441310,441310
441000,Motor vehicle and parts dealers,441,441320,441320
445000,Food and beverage stores,445,445110,445110
445000,Food and beverage stores,445,445120,445120
445000,Food and beverage stores,445,445210,445210
445000,Food and beverage stores,445,445220,445220
445000,Food and beverage stores,445,445230,445230
445000,Food and beverage stores,445,445291,445291
445000,Food and beverage stores,445,445292,445292
445000,Food and beverage stores,445,445299,445299
445000,Food and beverage stores,445,445310,445310
452000,General merchandise stores,452,452111,452111
452000,General merchandise stores,452,452112,452112
452000,General merchandise stores,452,452910,452910
452000,General merchandise stores,452,452990,452990
4A0000,Other retail,442,442110,442110
4A0000,Other retail,442,442210,442210
4A0000,Other retail,442,442291,442291
4A0000,Other retail,442,442299,442299
4A0000,Other retail,443,443111,443141
4A0000,Other retail,443,443112,443142
4A0000,Other retail,443,443120,443142
4A0000,Other retail,443,443130,443142
4A0000,Other retail,444,444110,444110
4A0000,Other retail,444,444120,444120
4A0000,Other retail,444,444130,444130
4A0000,Other retail,444,444190,444190
4A0000,Other retail,444,444210,444210
4A0000,Other retail,444,444220,444220
4A0000,Other retail,446,446110,446110
4A0000,Other retail,446,446120,446120
4A0000,Other retail,446,446130,446130
4A0000,Other retail,446,446191,446191
4A0000,Other retail,446,446199,446199
4A0000,Other retail,447,447110,447110
4A0000,Other retail,447,447190,447190
4A0000,Other retail,448,448110,448110
4A0000,Other retail,448,448120,448120
4A0000,Other retail,448,448130,448130
4A0000,Other retail,448,448140,448140
4A0000,Other retail,448,448150,448150
4A0000,Other retail,448,448190,448190
4A0000,Other retail,448,448210,448210
4A0000,Other retail,448,448310,448310
4A0000,Other retail,448,448320,448320
4A0000,Other retail,451,451110,451110
4A0000,Other retail,451,451120,451120
4A0000,Other retail,451,451130,451130
4A0000,Other retail,451,451140,451140
4A0000,Other retail,451,451211,451211
4A0000,Other retail,451,451212,451212
4A0000,Other retail,451,451220,443142
4A0000,Other retail,453,453110,453110
4A0000,Other retail,453,453210,453210
4A0000,Other retail,453,453220,453220
4A0000,Other retail,453,453310,453310
4A0000,Other retail,453,453910,453910
4A0000,Other retail,453,453920,453920
4A0000,Other retail,453,453930,453930
4A0000,Other retail,453,453991,453991
4A0000,Other retail,453,453998,453998
4A0000,Other retail,454,454111,454111
4A0000,Other retail,454,454112,454112
4A0000,Other retail,454,454113,454113
4A0000,Other retail,454,454210,454210
4A0000,Other retail,454,454311,454310
4A0000,Other retail,454,454312,454310
4A0000,Other retail,454,454319,454310
4A0000,Other retail,454,454390,454390
481000,Air transportation,481,481111,481111
481000,Air transportation,481,481112,481112
481000,Air transportation,481,481211,481211
481000,Air transportation,481,481212,481212
481000,Air transportation,481,481219,481219
482000,Rail transportation,482,482111,482111
482000,Rail transportation,482,482112,482112
483000,Water transportation,483,483111,483111
483000,Water transportation,483,483112,483112
483000,Water transportation,483,483113,483113
483000,Water transportation,483,483114,483114
483000,Water transportation,483,483211,483211
483000,Water transportation,483,483212,483212
484000,Truck transportation,484,484110,484110
484000,Truck transportation,484,484121,484121
484000,Truck transportation,484,484122,484122
484000,Truck transportation,484,484210,484210
484000,Truck transportation,484,484220,484220
484000,Truck transportation,484,484230,484230
485000,Transit and ground passenger transportation,485,485111,485111
485000,Transit and ground passenger transportation,485,485112,485112
485000,Transit and ground passenger transportation,485,485113,485113
485000,Transit and ground passenger transportation,485,485119,485119
485000,Transit and ground passenger transportation,485,485210,485210
485000,Transit and ground passenger transportation,485,485310,485310
485000,Transit and ground passenger transportation,485,485320,485320
485000,Transit and ground passenger transportation,485,485410,485410
485000,Transit and ground passenger transportation,485,485510,485510
485000,Transit and ground passenger transportation,485,485991,485991
485000,Transit and ground passenger transportation,485,485999,485999
486000,Pipeline transportation,486,486110,486110
486000,Pipeline transportation,486,486210,486210
486000,Pipeline transportation,486,486910,486910
486000,Pipeline transportation,486,486990,486990
48A000,Scenic and sightseeing transportation and support activities for transportation,487,487110,487110
48A000,Scenic and sightseeing transportation and support activities for transportation,487,487210,487210
48A000,Scenic and sightseeing transportation and support activities for transportation,487,487990,487990
48A000,Scenic and sightseeing transportation and support activities for transportation,488,488111,488111
48A000,Scenic and sightseeing transportation and support activities for transportation,488,488119,488119
48A000,Scenic and sightseeing transportation and support activities for transportation,488,488190,488190
48A000,Scenic and sightseeing transportation and support activities for transportation,488,488210,488210
48A000,Scenic and sightseeing transportation and support activities for transportation,488,488310,488310
48A000,Scenic and sightseeing transportation and support activities for transportation,488,488320,488320
48A000,Scenic and sightseeing transportation and support activities for transportation,488,488330,488330
48A000,Scenic and sightseeing transportation and support activities for transportation,488,488390,488390
48A000,Scenic and sightseeing transportation and support activities for transportation,488,488410,488410
48A000,Scenic and sightseeing transportation and support activities for transportation,488,488490,488490
48A000,Scenic and sightseeing transportation and support activities for transportation,488,488510,488510
48A000,Scenic and sightseeing transportation and support activities for transportation,488,488991,488991
48A000,Scenic and sightseeing transportation and support activities for transportation,488,488999,488999
492000,Couriers and messengers,492,492110,492110
492000,Couriers and messengers,492,492210,492210
493000,Warehousing and storage,493,493110,493110
493000,Warehousing and storage,493,493120,493120
493000,Warehousing and storage,493,493130,493130
493000,Warehousing and storage,493,493190,493190
511110,Newspaper publishers,51111,511110,511110
511120,Periodical Publishers,51112,511120,511120
511130,Book publishers,51113,511130,511130
5111A0,"Directory, mailing list, and other publishers",51114,511140,511140
5111A0,"Directory, mailing list, and other publishers",51119,511191,511191
5111A0,"Directory, mailing list, and other publishers",51119,511199,511199
511200,Software publishers,51121,511210,511210
512100,Motion picture and video industries,5121,512110,512110
512100,Motion picture and video industries,5121,512120,512120
512100,Motion picture and video industries,5121,512131,512131
512100,Motion picture and video industries,5121,512132,512132
512100,Motion picture and video industries,5121,512191,512191
512100,Motion picture and video industries,5121,512199,512199
512200,Sound recording industries,5122,512210,512210
512200,Sound recording industries,5122,512220,512220
512200,Sound recording industries,5122,512230,512230
512200,Sound recording industries,5122,512240,512240
512200,Sound recording industries,5122,512290,512290
515100,Radio and television broadcasting,5151,515111,515111
515100,Radio and television broadcasting,5151,515112,515112
515100,Radio and television broadcasting,5151,515120,515120
515200,Cable and other subscription programming,5152,515210,515210
517110,Wired telecommunications carriers,5171,517110,517110
517210,Wireless telecommunications carriers (except satellite),5172,517210,517210
517A00,"Satellite, telecommunications resellers, and all other telecommunications",5174,517410,517410
518200,"Data processing, hosting, and related services",5182,518210,518210
5191A0,"News syndicates, libraries, archives and all other information services",51911,519110,519110
5191A0,"News syndicates, libraries, archives and all other information services",51912,519120,519120
5191A0,"News syndicates, libraries, archives and all other information services",51919,519190,519190
519130,Internet publishing and broadcasting and Web search portals,51913,519130,519130
52A000,Monetary authorities and depository credit intermediation,521,521110,521110
52A000,Monetary authorities and depository credit intermediation,5221,522110,522110
52A000,Monetary authorities and depository credit intermediation,5221,522120,522120
52A000,Monetary authorities and depository credit intermediation,5221,522130,522130
52A000,Monetary authorities and depository credit intermediation,5221,522190,522190
522A00,Nondepository credit intermediation and related activities,5222,522210,522210
522A00,Nondepository credit intermediation and related activities,5222,522220,522220
522A00,Nondepository credit intermediation and related activities,5222,522291,522291
522A00,Nondepository credit intermediation and related activities,5222,522292,522292
522A00,Nondepository credit intermediation and related activities,5222,522293,522293
522A00,Nondepository credit intermediation and related activities,5222,522294,522294
522A00,Nondepository credit intermediation and related activities,5222,522298,522298
522A00,Nondepository credit intermediation and related activities,5223,522310,522310
522A00,Nondepository credit intermediation and related activities,5223,522320,522320
522A00,Nondepository credit intermediation and related activities,5223,522390,522390
523A00,Securities and commodity contracts intermediation and brokerage,5231,523110,523110
523A00,Securities and commodity contracts intermediation and brokerage,5231,523120,523120
523A00,Securities and commodity contracts intermediation and brokerage,5231,523130,523130
523A00,Securities and commodity contracts intermediation and brokerage,5231,523140,523140
523A00,Securities and commodity contracts intermediation and brokerage,5232,523210,523210
523900,Other financial investment activities,5239,523910,523910
523900,Other financial investment activities,5239,523920,523920
523900,Other financial investment activities,5239,523930,523930
523900,Other financial investment activities,5239,523991,523991
523900,Other financial investment activities,5239,523999,523999
524100,Insurance carriers,5241,524113,524113
524100,Insurance carriers,5241,524114,524114
524100,Insurance carriers,5241,524126,524126
524100,Insurance carriers,5241,524127,524127
524100,Insurance carriers,5241,524128,524128
524100,Insurance carriers,5241,524130,524130
524200,"Insurance agencies, brokerages, and related activities",5242,524210,524210
524200,"Insurance agencies, brokerages, and related activities",5242,524291,524291
524200,"Insurance agencies, brokerages, and related activities",5242,524292,524292
524200,"Insurance agencies, brokerages, and related activities",5242,524298,524298
525000,"Funds, trusts, and other financial vehicles",525,525110,525110
525000,"Funds, trusts, and other financial vehicles",525,525120,525120
525000,"Funds, trusts, and other financial vehicles",525,525190,525190
525000,"Funds, trusts, and other financial vehicles",525,525910,525910
525000,"Funds, trusts, and other financial vehicles",525,525920,525920
525000,"Funds, trusts, and other financial vehicles",525,525990,525990
5310HS,Housing,531,531110,531110
5310HS,Housing,531,531120,531120
5310HS,Housing,531,531130,531130
5310HS,Housing,531,531190,531190
5310HS,Housing,531,531210,531210
5310HS,Housing,531,531311,531311
5310HS,Housing,531,531312,531312
5310HS,Housing,531,531320,531320
5310HS,Housing,531,531390,531390
531ORE,Other real estate,531,531110,531110
531ORE,Other real estate,531,531120,531120
531ORE,Other real estate,531,531130,531130
531ORE,Other real estate,531,531190,531190
531ORE,Other real estate,531,531210,531210
531ORE,Other real estate,531,531311,531311
531ORE,Other real estate,531,531312,531312
531ORE,Other real estate,531,531320,531320
531ORE,Other real estate,531,531390,531390
532100,Automotive equipment rental and leasing,5321,532111,532111
532100,Automotive equipment rental and leasing,5321,532112,532112
532100,Automotive equipment rental and leasing,5321,532120,532120
532A00,Consumer goods and general rental centers,5322,532210,532210
532A00,Consumer goods and general rental centers,5322,532220,532220
532A00,Consumer goods and general rental centers,5322,532230,532230
532A00,Consumer goods and general rental centers,5322,532291,532291
532A00,Consumer goods and general rental centers,5322,532292,532292
532A00,Consumer goods and general rental centers,5322,532299,532299
532A00,Consumer goods and general rental centers,5323,532310,532310
532400,Commercial and industrial machinery and equipment rental and leasing,5324,532411,532411
532400,Commercial and industrial machinery and equipment rental and leasing,5324,532412,532412
532400,Commercial and industrial machinery and equipment rental and leasing,5324,532420,532420
532400,Commercial and industrial machinery and equipment rental and leasing,5324,532490,532490
533000,Lessors of nonfinancial intangible assets,533,533110,533110
541100,Legal services,5411,541110,541110
541100,Legal services,5411,541120,541120
541100,Legal services,5411,541191,541191
541100,Legal services,5411,541199,541199
541511,Custom computer programming services,541511,541511,541511
541512,Computer systems design services,541512,541512,541512
54151A,"Other computer related services, including facilities management",541513,541513,541513
54151A,"Other computer related services, including facilities management",541519,541519,541519
541200,"Accounting, tax preparation, bookkeeping, and payroll services",5412,541211,541211
541200,"Accounting, tax preparation, bookkeeping, and payroll services",5412,541213,541213
541200,"Accounting, tax preparation, bookkeeping, and payroll services",5412,541214,541214
541200,"Accounting, tax preparation, bookkeeping, and payroll services",5412,541219,541219
541300,"Architectural, engineering, and related services",5413,541310,541310
541300,"Architectural, engineering, and related services",5413,541320,541320
541300,"Architectural, engineering, and related services",5413,541330,541330
541300,"Architectural, engineering, and related services",5413,541340,541340
541300,"Architectural, engineering, and related services",5413,541350,541350
541300,"Architectural, engineering, and related services",5413,541360,541360
541300,"Architectural, engineering, and related services",5413,541370,541370
541300,"Architectural, engineering, and related services",5413,541380,541380
541400,Specialized design services,5414,541410,541410
541400,Specialized design services,5414,541420,541420
541400,Specialized design services,5414,541430,541430
541400,Specialized design services,5414,541490,541490
541610,Management consulting services,54161,541611,541611
541610,Management consulting services,54161,541612,541612
541610,Management consulting services,54161,541613,541613
541610,Management consulting services,54161,541614,541614
541610,Management consulting services,54161,541618,541618
5416A0,Environmental and other technical consulting services,54162,541620,541620
5416A0,Environmental and other technical consulting services,54169,541690,541690
541700,Scientific research and development services,5417,541711,541711
541700,Scientific research and development services,5417,541712,541712
541700,Scientific research and development services,5417,541720,541720
541800,"Advertising, public relations, and related services",5418,541810,541810
541800,"Advertising, public relations, and related services",5418,541820,541820
541800,"Advertising, public relations, and related services",5418,541830,541830
541800,"Advertising, public relations, and related services",5418,541840,541840
541800,"Advertising, public relations, and related services",5418,541850,541850
541800,"Advertising, public relations, and related services",5418,541860,541860
541800,"Advertising, public relations, and related services",5418,541870,541870
541800,"Advertising, public relations, and related services",5418,541890,541890
5419A0,"Marketing research and all other miscellaneous professional, scientific, and technical services",54191,541910,541910
5419A0,"Marketing research and all other miscellaneous professional, scientific, and technical services",54193,541930,541930
5419A0,"Marketing research and all other miscellaneous professional, scientific, and technical services",54199,541990,541990
541920,Photographic services,54192,541921,541921
541920,Photographic services,54192,541922,541922
541940,Veterinary services,54194,541940,541940
550000,Management of companies and enterprises,55,551111,551111
550000,Management of companies and enterprises,55,551112,551112
550000,Management of companies and enterprises,55,551114,551114
561100,Office administrative services,5611,561110,561110
561200,Facilities support services,5612,561210,561210
561300,Employment services,5613,561311,561311
561300,Employment services,5613,561312,561312
561300,Employment services,5613,561320,561320
561300,Employment services,5613,561330,561330
561400,Business support services,5614,561410,561410
561400,Business support services,5614,561421,561421
561400,Business support services,5614,561422,561422
561400,Business support services,5614,561431,561431
561400,Business support services,5614,561439,561439
561400,Business support services,5614,561440,561440
561400,Business support services,5614,561450,561450
561400,Business support services,5614,561491,561491
561400,Business support services,5614,561492,561492
561400,Business support services,5614,561499,561499
561500,Travel arrangement and reservation services,5615,561510,561510
561500,Travel arrangement and reservation services,5615,561520,561520
561500,Travel arrangement and reservation services,5615,561591,561591
561500,Travel arrangement and reservation services,5615,561599,561599
561600,Investigation and security services,5616,561611,561611
561600,Investigation and security services,5616,561612,561612
561600,Investigation and security services,5616,561613,561613
561600,Investigation and security services,5616,561621,561621
561600,Investigation and security services,5616,561622,561622
561700,Services to buildings and dwellings,5617,561710,561710
561700,Services to buildings and dwellings,5617,561720,561720
561700,Services to buildings and dwellings,5617,561730,561730
561700,Services to buildings and dwellings,5617,561740,561740
561700,Services to buildings and dwellings,5617,561790,561790
561900,Other support services,5619,561910,561910
561900,Other support services,5619,561920,561920
561900,Other support services,5619,561990,561990
562000,Waste management and remediation services,562,562111,562111
562000,Waste management and remediation services,562,562112,562112
562000,Waste management and remediation services,562,562119,562119
562000,Waste management and remediation services,562,562211,562211
562000,Waste management and remediation services,562,562212,562212
562000,Waste management and remediation services,562,562213,562213
562000,Waste management and remediation services,562,562219,562219
562000,Waste management and remediation services,562,562910,562910
562000,Waste management and remediation services,562,562920,562920
562000,Waste management and remediation services,562,562991,562991
562000,Waste management and remediation services,562,562998,562998
611100,Elementary and secondary schools,6111,611110,611110
611A00,"Junior colleges, colleges, universities, and professional schools",6112,611210,611210
611A00,"Junior colleges, colleges, universities, and professional schools",6113,611310,611310
611B00,Other educational services,6114,611410,611410
611B00,Other educational services,6114,611420,611420
611B00,Other educational services,6114,611430,611430
611B00,Other educational services,6115,611511,611511
611B00,Other educational services,6115,611512,611512
611B00,Other educational services,6115,611513,611513
611B00,Other educational services,6115,611519,611519
611B00,Other educational services,6116,611610,611610
611B00,Other educational services,6116,611620,611620
611B00,Other educational services,6116,611630,611630
611B00,Other educational services,6116,611691,611691
611B00,Other educational services,6116,611692,611692
611B00,Other educational services,6116,611699,611699
611B00,Other educational services,6117,611710,611710
621100,Offices of physicians,6211,621111,621111
621100,Offices of physicians,6211,621112,621112
621200,Offices of dentists,6212,621210,621210
621300,Offices of other health practitioners,6213,621310,621310
621300,Offices of other health practitioners,6213,621320,621320
621300,Offices of other health practitioners,6213,621330,621330
621300,Offices of other health practitioners,6213,621340,621340
621300,Offices of other health practitioners,6213,621391,621391
621300,Offices of other health practitioners,6213,621399,621399
621400,Outpatient care centers,6214,621410,621410
621400,Outpatient care centers,6214,621420,621420
621400,Outpatient care centers,6214,621491,621491
621400,Outpatient care centers,6214,621492,621492
621400,Outpatient care centers,6214,621493,621493
621400,Outpatient care centers,6214,621498,621498
621500,Medical and diagnostic laboratories,6215,621511,621511
621500,Medical and diagnostic laboratories,6215,621512,621512
621600,Home health care services,6216,621610,621610
621900,Other ambulatory health care services,6219,621910,621910
621900,Other ambulatory health care services,6219,621991,621991
621900,Other ambulatory health care services,6219,621999,621999
622000,Hospitals,622,622110,622110
622000,Hospitals,622,622210,622210
622000,Hospitals,622,622310,622310
623A00,Nursing and community care facilities,6231,623110,623110
623A00,Nursing and community care facilities,6233,623311,623311
623A00,Nursing and community care facilities,6233,623312,623312
623B00,"Residential mental retardation, mental health, substance abuse and other facilities",6232,623210,623210
623B00,"Residential mental retardation, mental health, substance abuse and other facilities",6232,623220,623220
623B00,"Residential mental retardation, mental health, substance abuse and other facilities",6239,623990,623990
624100,Individual and family services,6241,624110,624110
624100,Individual and family services,6241,624120,624120
624100,Individual and family services,6241,624190,624190
624A00,"Community food, housing, and other relief services, including rehabilitation services",6242,624210,624210
624A00,"Community food, housing, and other relief services, including rehabilitation services",6242,624221,624221
624A00,"Community food, housing, and other relief services, including rehabilitation services",6242,624229,624229
624A00,"Community food, housing, and other relief services, including rehabilitation services",6242,624230,624230
624A00,"Community food, housing, and other relief services, including rehabilitation services",6243,624310,624310
624400,Child day care services,6244,624410,624410
711100,Performing arts companies,7111,711110,711110
711100,Performing arts companies,7111,711120,711120
711100,Performing arts companies,7111,711130,711130
711100,Performing arts companies,7111,711190,711190
711200,Spectator sports,7112,711211,711211
711200,Spectator sports,7112,711212,711212
711200,Spectator sports,7112,711219,711219
711A00,Promoters of performing arts and sports and agents for public figures,7113,711310,711310
711A00,Promoters of performing arts and sports and agents for public figures,7113,711320,711320
711A00,Promoters of performing arts and sports and agents for public figures,7114,711410,711410
711500,"Independent artists, writers, and performers",7115,711510,711510
712000,"Museums, historical sites, zoos, and parks",712,712110,712110
712000,"Museums, historical sites, zoos, and parks",712,712120,712120
712000,"Museums, historical sites, zoos, and parks",712,712130,712130
712000,"Museums, historical sites, zoos, and parks",712,712190,712190
713100,Amusement parks and arcades,7131,713110,713110
713100,Amusement parks and arcades,7131,713120,713120
713200,Gambling industries (except casino hotels),7132,713210,713210
713200,Gambling industries (except casino hotels),7132,713290,713290
713900,Other amusement and recreation industries,7139,713910,713910
713900,Other amusement and recreation industries,7139,713920,713920
713900,Other amusement and recreation industries,7139,713930,713930
713900,Other amusement and recreation industries,7139,713940,713940
713900,Other amusement and recreation industries,7139,713950,713950
713900,Other amusement and recreation industries,7139,713990,713990
721000,Accommodation,721,721110,721110
721000,Accommodation,721,721120,721120
721000,Accommodation,721,721191,721191
721000,Accommodation,721,721199,721199
721000,Accommodation,721,721211,721211
721000,Accommodation,721,721214,721214
721000,Accommodation,721,721310,721310
722110,Full-service restaurants,7221,722110,722511
722211,Limited-service restaurants,7222,722211,722513
722211,Limited-service restaurants,7222,722212,722514
722211,Limited-service restaurants,7222,722213,722515
722A00,All other food and drinking places,7223,722310,722310
722A00,All other food and drinking places,7223,722320,722320
722A00,All other food and drinking places,7223,722330,722330
722A00,All other food and drinking places,7224,722410,722410
811100,Automotive repair and maintenance,8111,811111,811111
811100,Automotive repair and maintenance,8111,811112,811112
811100,Automotive repair and maintenance,8111,811113,811113
811100,Automotive repair and maintenance,8111,811118,811118
811100,Automotive repair and maintenance,8111,811121,811121
811100,Automotive repair and maintenance,8111,811122,811122
811100,Automotive repair and maintenance,8111,811191,811191
811100,Automotive repair and maintenance,8111,811192,811192
811100,Automotive repair and maintenance,8111,811198,811198
811200,Electronic and precision equipment repair and maintenance,8112,811211,811211
811200,Electronic and precision equipment repair and maintenance,8112,811212,811212
811200,Electronic and precision equipment repair and maintenance,8112,811213,811213
811200,Electronic and precision equipment repair and maintenance,8112,811219,811219
811300,Commercial and industrial machinery and equipment repair and maintenance,8113,811310,811310
811400,Personal and household goods repair and maintenance,8114,811411,811411
811400,Personal and household goods repair and maintenance,8114,811412,811412
811400,Personal and household goods repair and maintenance,8114,811420,811420
811400,Personal and household goods repair and maintenance,8114,811430,811430
811400,Personal and household goods repair and maintenance,8114,811490,811490
812100,Personal care services,8121,812111,812111
812100,Personal care services,8121,812112,812112
812100,Personal care services,8121,812113,812113
812100,Personal care services,8121,812191,812191
812100,Personal care services,8121,812199,812199
812200,Death care services,8122,812210,812210
812200,Death care services,8122,812220,812220
812300,Dry-cleaning and laundry services,8123,812310,812310
812300,Dry-cleaning and laundry services,8123,812320,812320
812300,Dry-cleaning and laundry services,8123,812331,812331
812300,Dry-cleaning and laundry services,8123,812332,812332
812900,Other personal services,8129,812910,812910
812900,Other personal services,8129,812921,812921
812900,Other personal services,8129,812922,812922
812900,Other personal services,8129,812930,812930
812900,Other personal services,8129,812990,812990
813100,Religious organizations,8131,813110,813110
813A00,"Grantmaking, giving, and social advocacy organizations",8132,813211,813211
813A00,"Grantmaking, giving, and social advocacy organizations",8132,813212,813212
813A00,"Grantmaking, giving, and social advocacy organizations",8132,813219,813219
813A00,"Grantmaking, giving, and social advocacy organizations",8133,813311,813311
813A00,"Grantmaking, giving, and social advocacy organizations",8133,813312,813312
813A00,"Grantmaking, giving, and social advocacy organizations",8133,813319,813319
813B00,"Civic, social, professional, and similar organizations",8134,813410,813410
813B00,"Civic, social, professional, and similar organizations",8139,813910,813910
813B00,"Civic, social, professional, and similar organizations",8139,813920,813920
813B00,"Civic, social, professional, and similar organizations",8139,813930,813930
813B00,"Civic, social, professional, and similar organizations",8139,813940,813940
813B00,"Civic, social, professional, and similar organizations",8139,813990,813990
814000,Private households,814,814110,814110
491000,Postal service,491,491110,491110
