Group,Food,subgroup1,subgroup2,subgroup3,subgroup4
dairy,Plain whole milk,All plain milk,All beverage milks,Total fluid milk,Total dairy products
dairy,2 percent milk,All plain milk,All beverage milks,Total fluid milk,Total dairy products
dairy,1 percent milk,All plain milk,All beverage milks,Total fluid milk,Total dairy products
dairy,Skim milk,All plain milk,All beverage milks,Total fluid milk,Total dairy products
dairy,All plain milk,,,,
dairy,Whole flavored milk,All flavored milk,All beverage milks,Total fluid milk,Total dairy products
dairy,Lowfat flavored milk,All flavored milk,All beverage milks,Total fluid milk,Total dairy products
dairy,All flavored milk,,,,
dairy,Buttermilk,,All beverage milks,Total fluid milk,Total dairy products
dairy,All beverage milks,,,,
dairy,Yogurt,,,Total fluid milk,Total dairy products
dairy,Total fluid milk,,,,
dairy,Cheddar cheese,All American cheese,,Total cheese,Total dairy products
dairy,Other American cheese,All American cheese,,Total cheese,Total dairy products
dairy,All American cheese,,,,
dairy,Provolone cheese,All Italian cheese,,Total cheese,Total dairy products
dairy,Romano cheese,All Italian cheese,,Total cheese,Total dairy products
dairy,Parmesan cheese,All Italian cheese,,Total cheese,Total dairy products
dairy,Mozarella cheese,All Italian cheese,,Total cheese,Total dairy products
dairy,Ricotta cheese,All Italian cheese,,Total cheese,Total dairy products
dairy,Other Italian cheese,All Italian cheese,,Total cheese,Total dairy products
dairy,All Italian cheese,,,,
dairy,Swiss cheese,Total miscellaneous cheese,,Total cheese,Total dairy products
dairy,Brick cheese,Total miscellaneous cheese,,Total cheese,Total dairy products
dairy,Muenster cheese,Total miscellaneous cheese,,Total cheese,Total dairy products
dairy,Blue cheese,Total miscellaneous cheese,,Total cheese,Total dairy products
dairy,Other miscellaneous cheese,Total miscellaneous cheese,,Total cheese,Total dairy products
dairy,Total miscellaneous cheese,,,,
dairy,Total cheese,,,,
dairy,Regular cottage cheese,Total cottage cheese,,,Total dairy products
dairy,Lowfat cottage cheese,Total cottage cheese,,,Total dairy products
dairy,Total cottage cheese,,,,
dairy,Ice cream,Frozen dairy products,,,Total dairy products
dairy,Ice milk,Frozen dairy products,,,Total dairy products
dairy,Other frozen,Frozen dairy products,,,Total dairy products
dairy,Frozen dairy products,,,,
dairy,Evap cond canned whole milk,All evaporated condensed milk,,,Total dairy products
dairy,Evap cond bulk whole milk,All evaporated condensed milk,,,Total dairy products
dairy,Evap cond skim milk,All evaporated condensed milk,,,Total dairy products
dairy,All evaporated condensed milk,,,,
dairy,Dry whole milk,Dry milk products,,,Total dairy products
dairy,Nonfat dry milk,Dry milk products,,,Total dairy products
dairy,Dry buttermilk,Dry milk products,,,Total dairy products
dairy,Dry milk products,,,,
dairy,Half and half,Half and half and eggnog,,,Total dairy products
dairy,Eggnog,Half and half and eggnog,,,Total dairy products
dairy,Half and half and eggnog,,,,
dairy,Total dairy products,,,,
fat,Butter,Added fats,Total fats,,
fat,Margarine,Added fats,Total fats,,
fat,Lard,Added fats,Total fats,,
fat,Edible beef tallow,Added fats,Total fats,,
fat,Shortening,Added fats,Total fats,,
fat,Salad and cooking oils,Added fats,Total fats,,
fat,Other edible fats and oils,Added fats,Total fats,,
fat,Added fats,,,,
fat,Half and half,Dairy fats,Total fats,,
fat,Light cream,Dairy fats,Total fats,,
fat,Heavy cream,Dairy fats,Total fats,,
fat,Sour cream,Dairy fats,Total fats,,
fat,Cream cheese,Dairy fats,Total fats,,
fat,Eggnog,Dairy fats,Total fats,,
fat,Dairy fats,,,,
fat,Total fats,,,,
fruit,Fresh oranges,Fresh citrus,Fresh fruit,Fruit,
fruit,Fresh tangerines,Fresh citrus,Fresh fruit,Fruit,
fruit,Fresh grapefruit,Fresh citrus,Fresh fruit,Fruit,
fruit,Fresh lemons,Fresh citrus,Fresh fruit,Fruit,
fruit,Fresh limes,Fresh citrus,Fresh fruit,Fruit,
fruit,Fresh citrus,,,,
fruit,Fresh apples,Fresh noncitrus,Fresh fruit,Fruit,
fruit,Fresh apricots,Fresh noncitrus,Fresh fruit,Fruit,
fruit,Fresh avocados,Fresh noncitrus,Fresh fruit,Fruit,
fruit,Fresh bananas,Fresh noncitrus,Fresh fruit,Fruit,
fruit,Fresh blueberries,Fresh noncitrus,Fresh fruit,Fruit,
fruit,Fresh cantaloupe,Fresh noncitrus,Fresh fruit,Fruit,
fruit,Fresh cherries,Fresh noncitrus,Fresh fruit,Fruit,
fruit,Fresh cranberries,Fresh noncitrus,Fresh fruit,Fruit,
fruit,Fresh grapes,Fresh noncitrus,Fresh fruit,Fruit,
fruit,Fresh honeydew,Fresh noncitrus,Fresh fruit,Fruit,
fruit,Fresh kiwi,Fresh noncitrus,Fresh fruit,Fruit,
fruit,Fresh mangoes,Fresh noncitrus,Fresh fruit,Fruit,
fruit,Fresh papaya,Fresh noncitrus,Fresh fruit,Fruit,
fruit,Fresh peaches,Fresh noncitrus,Fresh fruit,Fruit,
fruit,Fresh pears,Fresh noncitrus,Fresh fruit,Fruit,
fruit,Fresh pineapple,Fresh noncitrus,Fresh fruit,Fruit,
fruit,Fresh plums,Fresh noncitrus,Fresh fruit,Fruit,
fruit,Fresh raspberries,Fresh noncitrus,Fresh fruit,Fruit,
fruit,Fresh strawberries,Fresh noncitrus,Fresh fruit,Fruit,
fruit,Fresh watermelon,Fresh noncitrus,Fresh fruit,Fruit,
fruit,Fresh noncitrus,,,,
fruit,Fresh fruit,,,,
fruit,Canned apples,Canned fruit,,Fruit,
fruit,Canned apricots,Canned fruit,,Fruit,
fruit,Canned sweet cherries,Canned fruit,,Fruit,
fruit,Canned tart cherries,Canned fruit,,Fruit,
fruit,Canned peaches,Canned fruit,,Fruit,
fruit,Canned pears,Canned fruit,,Fruit,
fruit,Canned pineapple,Canned fruit,,Fruit,
fruit,Canned plums,Canned fruit,,Fruit,
fruit,Canned olives,Canned fruit,,Fruit,
fruit,Canned fruit,,,,
fruit,Frozen blackberries,Frozen berries,Frozen fruit,Fruit,
fruit,Frozen blueberries,Frozen berries,Frozen fruit,Fruit,
fruit,Frozen raspberries,Frozen berries,Frozen fruit,Fruit,
fruit,Frozen strawberries,Frozen berries,Frozen fruit,Fruit,
fruit,Frozen other berries,Frozen berries,Frozen fruit,Fruit,
fruit,Frozen berries,,,,
fruit,Frozen apples,Frozen other fruit,Frozen fruit,Fruit,
fruit,Frozen apricots,Frozen other fruit,Frozen fruit,Fruit,
fruit,Frozen sweet cherries,Frozen other fruit,Frozen fruit,Fruit,
fruit,Frozen tart cherries,Frozen other fruit,Frozen fruit,Fruit,
fruit,Frozen peaches,Frozen other fruit,Frozen fruit,Fruit,
fruit,Frozen plums,Frozen other fruit,Frozen fruit,Fruit,
fruit,Frozen other fruit,,,,
fruit,Frozen fruit,,,,
fruit,Dried apples,Dried fruit,,Fruit,
fruit,Dried apricots,Dried fruit,,Fruit,
fruit,Dried dates,Dried fruit,,Fruit,
fruit,Dried figs,Dried fruit,,Fruit,
fruit,Dried peaches,Dried fruit,,Fruit,
fruit,Dried pears,Dried fruit,,Fruit,
fruit,Dried plums,Dried fruit,,Fruit,
fruit,Raisins,Dried fruit,,Fruit,
fruit,Dried fruit,,,,
fruit,Grapefruit juice,Citrus juice,Juice,Fruit,
fruit,Lemon juice,Citrus juice,Juice,Fruit,
fruit,Lime juice,Citrus juice,Juice,Fruit,
fruit,Orange juice,Citrus juice,Juice,Fruit,
fruit,Citrus juice,,,,
fruit,Apple juice,Noncitrus juice,Juice,Fruit,
fruit,Cranberry juice,Noncitrus juice,Juice,Fruit,
fruit,Grape juice,Noncitrus juice,Juice,Fruit,
fruit,Pineapple juice,Noncitrus juice,Juice,Fruit,
fruit,Prune juice,Noncitrus juice,Juice,Fruit,
fruit,Noncitrus juice,,,,
fruit,Juice,,,,
fruit,Fruit,,,,
grain,Wheat flour,Total wheat flour,Total grains,,
grain,Total wheat flour,,,,
grain,Rye flour,,Total grains,,
grain,Rice,,Total grains,,
grain,Corn flour and meal,Total Corn Products,Total grains,,
grain,Corn hominy and grits,Total Corn Products,Total grains,,
grain,Corn starch,Total Corn Products,Total grains,,
grain,Total Corn Products,,,,
grain,Oat products,,Total grains,,
grain,Total grains,,,,
grain,Barley products,,Total grains,,
meat,Beef,Red meat,,Total meat fish eggs nuts group,
meat,Veal,Red meat,,Total meat fish eggs nuts group,
meat,Pork,Red meat,,Total meat fish eggs nuts group,
meat,Lamb,Red meat,,Total meat fish eggs nuts group,
meat,Red meat,,,,
meat,Chicken,Poultry,,Total meat fish eggs nuts group,
meat,Turkey,Poultry,,Total meat fish eggs nuts group,
meat,Poultry,,,,
meat,Fresh and frozen fish,Total Fresh and Frozen Fish,Total fish and shellfish,Total meat fish eggs nuts group,
meat,Fresh and frozen shellfish,Total Fresh and Frozen Fish,Total fish and shellfish,Total meat fish eggs nuts group,
meat,Total Fresh and Frozen Fish,,,,
meat,Canned Salmon,Canned fish and shellfish,Total fish and shellfish,Total meat fish eggs nuts group,
meat,Canned Sardines,Canned fish and shellfish,Total fish and shellfish,Total meat fish eggs nuts group,
meat,Canned Tuna,Canned fish and shellfish,Total fish and shellfish,Total meat fish eggs nuts group,
meat,Canned shellfish,Canned fish and shellfish,Total fish and shellfish,Total meat fish eggs nuts group,
meat,Other canned fish,Canned fish and shellfish,Total fish and shellfish,Total meat fish eggs nuts group,
meat,Canned fish and shellfish,,,,
meat,Cured fish,,Total fish and shellfish,Total meat fish eggs nuts group,
meat,Total fish and shellfish,,,,
meat,Eggs,,,Total meat fish eggs nuts group,
meat,Peanuts,,,Total meat fish eggs nuts group,
meat,Almonds,Total tree nuts,,Total meat fish eggs nuts group,
meat,Hazelnuts,Total tree nuts,,Total meat fish eggs nuts group,
meat,Pecans,Total tree nuts,,Total meat fish eggs nuts group,
meat,Walnuts,Total tree nuts,,Total meat fish eggs nuts group,
meat,Macadamia,Total tree nuts,,Total meat fish eggs nuts group,
meat,Pistachios,Total tree nuts,,Total meat fish eggs nuts group,
meat,Other tree nuts,Total tree nuts,,Total meat fish eggs nuts group,
meat,Total tree nuts,,,,
meat,Coconut,,,Total meat fish eggs nuts group,
meat,Total meat fish eggs nuts group,,,,
sugar,Cane and beet sugar,,Caloric sweeteners,,
sugar,Edible syrups,Total honey and syrup,Caloric sweeteners,,
sugar,Honey,Total honey and syrup,Caloric sweeteners,,
sugar,Total honey and syrup,,,,
sugar,High fructose corn syrup,Corn sweeteners,Caloric sweeteners,,
sugar,Glucose,Corn sweeteners,Caloric sweeteners,,
sugar,Dextrose,Corn sweeteners,Caloric sweeteners,,
sugar,Corn sweeteners,,,,
sugar,Caloric sweeteners,,,,
veg,Fresh artichokes,Fresh vegetables,Vegetables,,
veg,Fresh asparagus,Fresh vegetables,Vegetables,,
veg,Fresh bell peppers,Fresh vegetables,Vegetables,,
veg,Fresh broccoli,Fresh vegetables,Vegetables,,
veg,Fresh Brussels sprouts,Fresh vegetables,Vegetables,,
veg,Fresh cabbage,Fresh vegetables,Vegetables,,
veg,Fresh carrots,Fresh vegetables,Vegetables,,
veg,Fresh cauliflower,Fresh vegetables,Vegetables,,
veg,Fresh celery,Fresh vegetables,Vegetables,,
veg,Fresh collard greens,Fresh vegetables,Vegetables,,
veg,Fresh sweet corn,Fresh vegetables,Vegetables,,
veg,Fresh cucumbers,Fresh vegetables,Vegetables,,
veg,Fresh eggplant,Fresh vegetables,Vegetables,,
veg,Fresh escarole,Fresh vegetables,Vegetables,,
veg,Fresh garlic,Fresh vegetables,Vegetables,,
veg,Fresh kale,Fresh vegetables,Vegetables,,
veg,Fresh head lettuce,Fresh vegetables,Vegetables,,
veg,Fresh leaf lettuce,Fresh vegetables,Vegetables,,
veg,Fresh lima beans,Fresh vegetables,Vegetables,,
veg,Fresh mushrooms,Fresh vegetables,Vegetables,,
veg,Fresh mustard greens,Fresh vegetables,Vegetables,,
veg,Fresh okra,Fresh vegetables,Vegetables,,
veg,Fresh onions,Fresh vegetables,Vegetables,,
veg,Fresh potatoes,Fresh vegetables,Vegetables,,
veg,Fresh pumpkin,Fresh vegetables,Vegetables,,
veg,Fresh radishes,Fresh vegetables,Vegetables,,
veg,Fresh snap beans,Fresh vegetables,Vegetables,,
veg,Fresh spinach,Fresh vegetables,Vegetables,,
veg,Fresh squash,Fresh vegetables,Vegetables,,
veg,Fresh sweetpotatoes,Fresh vegetables,Vegetables,,
veg,Fresh tomatoes,Fresh vegetables,Vegetables,,
veg,Fresh turnip greens,Fresh vegetables,Vegetables,,
veg,Fresh vegetables,,,,
veg,Canned asparagus,Canned vegetables,Vegetables,,
veg,Canned snap beans,Canned vegetables,Vegetables,,
veg,Canned cabbage,Canned vegetables,Vegetables,,
veg,Canned carrots,Canned vegetables,Vegetables,,
veg,Canned sweet corn,Canned vegetables,Vegetables,,
veg,Canned cucumbers,Canned vegetables,Vegetables,,
veg,Canned green peas,Canned vegetables,Vegetables,,
veg,Canned mushrooms,Canned vegetables,Vegetables,,
veg,Canned chile peppers,Canned vegetables,Vegetables,,
veg,Canned potatoes,Canned vegetables,Vegetables,,
veg,Canned tomatoes,Canned vegetables,Vegetables,,
veg,Other canned vegetables,Canned vegetables,Vegetables,,
veg,Canned vegetables,,,,
veg,Frozen asparagus,Frozen vegetables,Vegetables,,
veg,Frozen snap beans,Frozen vegetables,Vegetables,,
veg,Frozen broccoli,Frozen vegetables,Vegetables,,
veg,Frozen carrots,Frozen vegetables,Vegetables,,
veg,Frozen cauliflower,Frozen vegetables,Vegetables,,
veg,Frozen sweet corn,Frozen vegetables,Vegetables,,
veg,Frozen green peas,Frozen vegetables,Vegetables,,
veg,Frozen lima beans,Frozen vegetables,Vegetables,,
veg,Frozen potatoes,Frozen vegetables,Vegetables,,
veg,Frozen spinach,Frozen vegetables,Vegetables,,
veg,Misc frozen vegetables,Frozen vegetables,Vegetables,,
veg,Frozen vegetables,,,,
veg,Dehydrated onions,other processed vegetables,Vegetables,,
veg,Dehydrated potatoes,other processed vegetables,Vegetables,,
veg,Potato chips,other processed vegetables,Vegetables,,
veg,other processed vegetables,,,,
veg,Dry Peas and lentils,Dry edible beans,Vegetables,,
veg,Dry black beans,Dry edible beans,Vegetables,,
veg,Dry great northern beans,Dry edible beans,Vegetables,,
veg,Dry lima beans,Dry edible beans,Vegetables,,
veg,Dry navy beans,Dry edible beans,Vegetables,,
veg,Dry pinto beans,Dry edible beans,Vegetables,,
veg,Dry red kidney beans,Dry edible beans,Vegetables,,
veg,Other dry beans,Dry edible beans,Vegetables,,
veg,Dry edible beans,,,,
veg,Legumes,,,,
veg,Vegetables,,,,
